"","uniqueplate","viable","germ","perc_germ","perc_viable","delay","germ50","t50","germ25","t25","germ75","t75","rategerm","uniform"
"1","1_1",10,9,0.9,1,101.9,5,101.9,2.5,101.9,7.5,150.3,0.0098135426889107,48.4
"2","1_10",8,8,1,0.8,101.9,4,150.3,2,101.9,6,150.3,0.00665335994677312,48.4
"3","1_100",10,7,0.7,1,150.4,5,150.4,2.5,150.4,7.5,Inf,0.00664893617021277,Inf
"4","1_102",9,9,1,0.9,102,4.5,102,2.25,102,6.75,102,0.00980392156862745,0
"5","1_103",10,1,0.1,1,437.9,5,Inf,2.5,Inf,7.5,Inf,0,NA
"6","1_108",8,7,0.875,0.8,102,4,198.2,2,102,6,295.1,0.00504540867810293,193.1
"7","1_11",10,9,0.9,1,150.3,5,246,2.5,246,7.5,342,0.0040650406504065,96
"8","1_110",9,9,1,0.9,198.3,4.5,246.1,2.25,246.1,6.75,295.1,0.00406338886631451,49
"9","1_112",10,10,1,1,150.5,5,150.5,2.5,150.5,7.5,150.5,0.00664451827242525,0
"10","1_113",8,7,0.875,0.8,102,4,198.3,2,150.5,6,198.3,0.00504286434694907,47.8
"11","1_114",10,10,1,1,150.5,5,246.1,2.5,246.1,7.5,295.1,0.00406338886631451,49
"12","1_116",10,9,0.9,1,198.3,5,246.1,2.5,246.1,7.5,295.1,0.00406338886631451,49
"13","1_118",10,8,0.8,1,150.5,5,198.3,2.5,198.3,7.5,342.3,0.00504286434694907,144
"14","1_119",8,6,0.75,0.8,150.5,4,150.5,2,150.5,6,246.1,0.00664451827242525,95.6
"15","1_120",8,8,1,0.8,198.3,4,342.3,2,198.3,6,390,0.00292141396435875,191.7
"16","1_121",9,9,1,0.9,150.5,4.5,198.3,2.25,198.3,6.75,246.1,0.00504286434694907,47.8
"17","1_122",10,10,1,1,150.5,5,246.1,2.5,198.3,7.5,295.1,0.00406338886631451,96.8
"18","1_123",9,4,0.444444444444444,0.9,246.1,4.5,Inf,2.25,295.1,6.75,Inf,0,Inf
"19","1_124",9,9,1,0.9,198.3,4.5,295.1,2.25,246.1,6.75,295.1,0.00338868180277872,49
"20","1_129",9,9,1,0.9,102,4.5,150.5,2.25,150.5,6.75,150.5,0.00664451827242525,0
"21","1_13",10,10,1,1,150.3,5,246,2.5,198.1,7.5,246,0.0040650406504065,47.9
"22","1_133",10,9,0.9,1,198.3,5,198.3,2.5,198.3,7.5,390,0.00504286434694907,191.7
"23","1_134",10,9,0.9,1,198.3,5,198.3,2.5,198.3,7.5,246.1,0.00504286434694907,47.8
"24","1_136",8,3,0.375,0.8,198.3,4,Inf,2,390,6,Inf,0,Inf
"25","1_137",10,9,0.9,1,198.3,5,342.3,2.5,246.1,7.5,390,0.00292141396435875,143.9
"26","1_138",9,9,1,0.9,198.3,4.5,246.1,2.25,246.1,6.75,246.1,0.00406338886631451,0
"27","1_139",8,6,0.75,0.8,198.3,4,295.1,2,198.3,6,437.9,0.00338868180277872,239.6
"28","1_140",10,9,0.9,1,150.5,5,246.1,2.5,198.3,7.5,342.3,0.00406338886631451,144
"29","1_142",8,1,0.125,0.8,246.1,4,Inf,2,Inf,6,Inf,0,NA
"30","1_145",10,10,1,1,102.1,5,150.5,2.5,102.1,7.5,198.4,0.00664451827242525,96.3
"31","1_148",10,7,0.7,1,198.4,5,295.1,2.5,246.2,7.5,Inf,0.00338868180277872,Inf
"32","1_15",9,9,1,0.9,150.3,4.5,198.1,2.25,198.1,6.75,198.1,0.00504795557799091,0
"33","1_150",9,6,0.666666666666667,0.9,198.4,4.5,390.2,2.25,295.1,6.75,Inf,0.00256278831368529,Inf
"34","1_154",9,9,1,0.9,102.1,4.5,150.5,2.25,150.5,6.75,150.5,0.00664451827242525,0
"35","1_157",10,9,0.9,1,198.4,5,342.4,2.5,295.1,7.5,342.4,0.00292056074766355,47.3
"36","1_158",10,8,0.8,1,150.5,5,150.5,2.5,150.5,7.5,342.4,0.00664451827242525,191.9
"37","1_16",8,8,1,0.8,150.3,4,198.1,2,150.3,6,198.1,0.00504795557799091,47.8
"38","1_160",10,5,0.5,1,342.4,5,438.4,2.5,438.4,7.5,Inf,0.00228102189781022,Inf
"39","1_161",10,10,1,1,102.1,5,102.1,2.5,102.1,7.5,102.1,0.00979431929480901,0
"40","1_164",10,9,0.9,1,150.5,5,198.4,2.5,198.4,7.5,295.1,0.00504032258064516,96.7
"41","1_165",8,8,1,0.8,198.4,4,198.4,2,198.4,6,295.1,0.00504032258064516,96.7
"42","1_166",8,5,0.625,0.8,102.1,4,150.5,2,102.1,6,Inf,0.00664451827242525,Inf
"43","1_168",10,6,0.6,1,198.4,5,295.1,2.5,246.2,7.5,Inf,0.00338868180277872,Inf
"44","1_17",8,5,0.625,0.8,198.1,4,294.9,2,246,6,Inf,0.00339097999321804,Inf
"45","1_171",10,10,1,1,102.1,5,102.1,2.5,102.1,7.5,150.5,0.00979431929480901,48.4
"46","1_172",8,4,0.5,0.8,150.5,4,246.2,2,198.4,6,Inf,0.00406173842404549,Inf
"47","1_174",10,7,0.7,1,246.2,5,342.4,2.5,295.1,7.5,Inf,0.00292056074766355,Inf
"48","1_175",10,9,0.9,1,54.1,5,198.4,2.5,150.5,7.5,198.4,0.00504032258064516,47.9
"49","1_176",8,6,0.75,0.8,102.1,4,102.1,2,102.1,6,198.4,0.00979431929480901,96.3
"50","1_177",8,7,0.875,0.8,150.5,4,295.1,2,246.2,6,295.1,0.00338868180277872,48.9
"51","1_178",10,10,1,1,198.4,5,198.4,2.5,198.4,7.5,198.4,0.00504032258064516,0
"52","1_180",8,1,0.125,0.8,198.4,4,Inf,2,Inf,6,Inf,0,NA
"53","1_181",8,5,0.625,0.8,102.1,4,102.1,2,102.1,6,Inf,0.00979431929480901,Inf
"54","1_182",10,8,0.8,1,198.4,5,198.4,2.5,198.4,7.5,246.2,0.00504032258064516,47.8
"55","1_183",10,10,1,1,102.1,5,102.1,2.5,102.1,7.5,150.6,0.00979431929480901,48.5
"56","1_187",8,0,0,0.8,542.5,4,Inf,2,Inf,6,Inf,0,NA
"57","1_188",8,6,0.75,0.8,198.4,4,295.3,2,246.2,6,295.3,0.00338638672536404,49.1
"58","1_191",9,9,1,0.9,102.1,4.5,150.6,2.25,102.1,6.75,150.6,0.00664010624169987,48.5
"59","1_194",9,8,0.888888888888889,0.9,198.4,4.5,198.4,2.25,198.4,6.75,246.2,0.00504032258064516,47.8
"60","1_199",10,9,0.9,1,102.1,5,102.1,2.5,102.1,7.5,150.6,0.00979431929480901,48.5
"61","1_2",10,10,1,1,246,5,342,2.5,294.9,7.5,437.6,0.00292397660818713,142.7
"62","1_20",8,8,1,0.8,198.1,4,246,2,198.1,6,246,0.0040650406504065,47.9
"63","1_200",8,8,1,0.8,150.6,4,198.4,2,198.4,6,246.2,0.00504032258064516,47.8
"64","1_203",10,10,1,1,102.1,5,102.1,2.5,102.1,7.5,150.6,0.00979431929480901,48.5
"65","1_206",8,0,0,0.8,542.5,4,Inf,2,Inf,6,Inf,0,NA
"66","1_207",8,6,0.75,0.8,246.2,4,295.3,2,295.3,6,390.2,0.00338638672536404,94.9
"67","1_208",9,9,1,0.9,150.6,4.5,150.6,2.25,150.6,6.75,150.6,0.00664010624169987,0
"68","1_21",9,5,0.555555555555556,0.9,101.9,4.5,294.9,2.25,101.9,6.75,Inf,0.00339097999321804,Inf
"69","1_210",8,0,0,0.8,542.5,4,Inf,2,Inf,6,Inf,0,NA
"70","1_211",8,8,1,0.8,102.1,4,150.6,2,150.6,6,198.4,0.00664010624169987,47.8
"71","1_214",8,2,0.25,0.8,246.2,4,Inf,2,342.4,6,Inf,0,Inf
"72","1_218",10,10,1,1,246.3,5,342.5,2.5,295.4,7.5,390.2,0.00291970802919708,94.8
"73","1_219",10,9,0.9,1,246.3,5,295.4,2.5,246.3,7.5,342.5,0.003385240352065,96.2
"74","1_22",10,9,0.9,1,150.3,5,198.1,2.5,198.1,7.5,246,0.00504795557799091,47.9
"75","1_220",10,10,1,1,102.2,5,102.2,2.5,102.2,7.5,150.6,0.00978473581213307,48.4
"76","1_222",10,9,0.9,1,198.5,5,246.3,2.5,246.3,7.5,295.4,0.00406008932196508,49.1
"77","1_223",10,9,0.9,1,150.6,5,246.3,2.5,198.5,7.5,342.5,0.00406008932196508,144
"78","1_225",10,10,1,1,198.5,5,246.3,2.5,246.3,7.5,342.5,0.00406008932196508,96.2
"79","1_229",10,10,1,1,198.5,5,246.3,2.5,198.5,7.5,295.4,0.00406008932196508,96.9
"80","1_23",10,10,1,1,101.9,5,101.9,2.5,101.9,7.5,198.1,0.0098135426889107,96.2
"81","1_231",10,10,1,1,150.6,5,150.6,2.5,150.6,7.5,150.6,0.00664010624169987,0
"82","1_233",9,0,0,0.9,542.5,4.5,Inf,2.25,Inf,6.75,Inf,0,NA
"83","1_236",9,7,0.777777777777778,0.9,150.6,4.5,198.5,2.25,150.6,6.75,246.3,0.00503778337531486,95.7
"84","1_237",9,7,0.777777777777778,0.9,102.2,4.5,150.6,2.25,102.2,6.75,440.2,0.00664010624169987,338
"85","1_238",8,6,0.75,0.8,150.6,4,198.5,2,198.5,6,295.4,0.00503778337531486,96.9
"86","1_239",9,8,0.888888888888889,0.9,102.2,4.5,102.2,2.25,102.2,6.75,150.6,0.00978473581213307,48.4
"87","1_24",10,10,1,1,101.9,5,150.3,2.5,101.9,7.5,150.3,0.00665335994677312,48.4
"88","1_240",10,10,1,1,150.6,5,295.4,2.5,246.3,7.5,342.5,0.003385240352065,96.2
"89","1_241",10,10,1,1,150.6,5,150.6,2.5,150.6,7.5,198.5,0.00664010624169987,47.9
"90","1_243",10,0,0,1,542.5,5,Inf,2.5,Inf,7.5,Inf,0,NA
"91","1_244",10,1,0.1,1,342.5,5,Inf,2.5,Inf,7.5,Inf,0,NA
"92","1_246",8,0,0,0.8,542.5,4,Inf,2,Inf,6,Inf,0,NA
"93","1_247",8,8,1,0.8,102.2,4,198.5,2,150.6,6,198.5,0.00503778337531486,47.9
"94","1_249",10,3,0.3,1,198.5,5,Inf,2.5,440.2,7.5,Inf,0,Inf
"95","1_25",9,9,1,0.9,246,4.5,389.9,2.25,342,6.75,437.6,0.00256476019492178,95.6
"96","1_253",8,4,0.5,0.8,295.4,4,440.4,2,342.5,6,Inf,0.00227066303360581,Inf
"97","1_255",9,9,1,0.9,150.7,4.5,295.4,2.25,246.3,6.75,390.4,0.003385240352065,144.1
"98","1_256",8,5,0.625,0.8,246.3,4,440.4,2,295.4,6,Inf,0.00227066303360581,Inf
"99","1_257",10,3,0.3,1,246.3,5,Inf,2.5,440.4,7.5,Inf,0,Inf
"100","1_259",10,9,0.9,1,198.6,5,295.4,2.5,295.4,7.5,342.5,0.003385240352065,47.1
"101","1_260",10,10,1,1,150.7,5,295.4,2.5,198.6,7.5,342.5,0.003385240352065,143.9
"102","1_261",10,10,1,1,102.3,5,198.6,2.5,150.7,7.5,198.6,0.00503524672708963,47.9
"103","1_262",10,9,0.9,1,102.3,5,150.7,2.5,150.7,7.5,342.5,0.006635700066357,191.8
"104","1_265",8,7,0.875,0.8,150.7,4,198.6,2,150.7,6,295.4,0.00503524672708963,144.7
"105","1_269",9,2,0.222222222222222,0.9,295.4,4.5,Inf,2.25,Inf,6.75,Inf,0,NA
"106","1_27",10,10,1,1,101.9,5,294.9,2.5,294.9,7.5,389.9,0.00339097999321804,95
"107","1_270",9,8,0.888888888888889,0.9,150.7,4.5,246.3,2.25,150.7,6.75,295.4,0.00406008932196508,144.7
"108","1_271",9,0,0,0.9,542.5,4.5,Inf,2.25,Inf,6.75,Inf,0,NA
"109","1_273",9,4,0.444444444444444,0.9,295.4,4.5,Inf,2.25,440.4,6.75,Inf,0,Inf
"110","1_274",10,10,1,1,150.7,5,198.6,2.5,150.7,7.5,246.3,0.00503524672708963,95.6
"111","1_275",8,7,0.875,0.8,198.6,4,246.3,2,198.6,6,295.4,0.00406008932196508,96.8
"112","1_278",10,10,1,1,102.3,5,150.7,2.5,150.7,7.5,150.7,0.006635700066357,0
"113","1_279",10,6,0.6,1,150.7,5,342.5,2.5,246.3,7.5,Inf,0.00291970802919708,Inf
"114","1_281",9,5,0.555555555555556,0.9,150.7,4.5,342.5,2.25,246.3,6.75,Inf,0.00291970802919708,Inf
"115","1_283",10,10,1,1,198.6,5,198.6,2.5,198.6,7.5,198.6,0.00503524672708963,0
"116","1_284",9,9,1,0.9,102.3,4.5,150.7,2.25,102.3,6.75,150.7,0.006635700066357,48.4
"117","1_285",8,8,1,0.8,102.3,4,150.7,2,150.7,6,150.7,0.006635700066357,0
"118","1_288",8,8,1,0.8,150.7,4,150.7,2,150.7,6,150.7,0.006635700066357,0
"119","1_289",9,9,1,0.9,102.3,4.5,150.7,2.25,102.3,6.75,150.7,0.006635700066357,48.4
"120","1_29",10,10,1,1,150.3,5,150.3,2.5,150.3,7.5,150.3,0.00665335994677312,0
"121","1_290",9,1,0.111111111111111,0.9,295.4,4.5,Inf,2.25,Inf,6.75,Inf,0,NA
"122","1_292",10,10,1,1,150.7,5,198.6,2.5,150.7,7.5,198.6,0.00503524672708963,47.9
"123","1_293",9,9,1,0.9,150.7,4.5,150.7,2.25,150.7,6.75,150.7,0.006635700066357,0
"124","1_294",9,9,1,0.9,102.3,4.5,150.7,2.25,150.7,6.75,150.7,0.006635700066357,0
"125","1_296",8,6,0.75,0.8,150.7,4,246.3,2,150.7,6,246.3,0.00406008932196508,95.6
"126","1_298",8,6,0.75,0.8,102.3,4,102.3,2,102.3,6,198.6,0.00977517106549365,96.3
"127","1_3",10,9,0.9,1,101.9,5,198.1,2.5,150.3,7.5,246,0.00504795557799091,95.7
"128","1_30",10,10,1,1,246,5,294.9,2.5,246,7.5,294.9,0.00339097999321804,48.9
"129","1_301",9,8,0.888888888888889,0.9,150.7,4.5,198.6,2.25,150.7,6.75,246.3,0.00503524672708963,95.6
"130","1_302",8,7,0.875,0.8,198.6,4,198.6,2,198.6,6,198.6,0.00503524672708963,0
"131","1_304",8,1,0.125,0.8,390.5,4,Inf,2,Inf,6,Inf,0,NA
"132","1_305",9,9,1,0.9,102.3,4.5,150.7,2.25,150.7,6.75,150.7,0.006635700066357,0
"133","1_306",9,9,1,0.9,102.3,4.5,150.7,2.25,102.3,6.75,150.7,0.006635700066357,48.4
"134","1_309",9,7,0.777777777777778,0.9,150.7,4.5,198.6,2.25,150.7,6.75,198.6,0.00503524672708963,47.9
"135","1_31",9,9,1,0.9,246,4.5,342,2.25,294.9,6.75,342,0.00292397660818713,47.1
"136","1_310",10,9,0.9,1,150.7,5,246.3,2.5,246.3,7.5,295.4,0.00406008932196508,49.1
"137","1_312",10,2,0.2,1,150.7,5,Inf,2.5,Inf,7.5,Inf,0,NA
"138","1_313",10,0,0,1,542.5,5,Inf,2.5,Inf,7.5,Inf,0,NA
"139","1_315",10,10,1,1,102.3,5,150.7,2.5,150.7,7.5,198.6,0.006635700066357,47.9
"140","1_317",8,6,0.75,0.8,102.3,4,246.3,2,198.6,6,440.6,0.00406008932196508,242
"141","1_319",10,5,0.5,1,246.3,5,440.6,2.5,342.5,7.5,Inf,0.00226963231956423,Inf
"142","1_322",10,10,1,1,102.3,5,342.5,2.5,295.4,7.5,342.5,0.00291970802919708,47.1
"143","1_323",9,9,1,0.9,198.6,4.5,198.6,2.25,198.6,6.75,295.4,0.00503524672708963,96.8
"144","1_33",9,6,0.666666666666667,0.9,101.9,4.5,198.1,2.25,150.3,6.75,Inf,0.00504795557799091,Inf
"145","1_34",10,10,1,1,101.9,5,150.3,2.5,150.3,7.5,150.3,0.00665335994677312,0
"146","1_37",9,5,0.555555555555556,0.9,102,4.5,246,2.25,150.4,6.75,Inf,0.0040650406504065,Inf
"147","1_39",10,7,0.7,1,198.2,5,295,2.5,246,7.5,Inf,0.00338983050847458,Inf
"148","1_4",9,9,1,0.9,150.3,4.5,198.1,2.25,198.1,6.75,198.1,0.00504795557799091,0
"149","1_40",9,0,0,0.9,542.5,4.5,Inf,2.25,Inf,6.75,Inf,0,NA
"150","1_41",10,9,0.9,1,102,5,102,2.5,102,7.5,102,0.00980392156862745,0
"151","1_43",9,0,0,0.9,542.5,4.5,Inf,2.25,Inf,6.75,Inf,0,NA
"152","1_45",8,7,0.875,0.8,102,4,102,2,102,6,102,0.00980392156862745,0
"153","1_46",9,2,0.222222222222222,0.9,295,4.5,Inf,2.25,Inf,6.75,Inf,0,NA
"154","1_47",8,6,0.75,0.8,198.2,4,342.1,2,198.2,6,437.6,0.00292312189418299,239.4
"155","1_48",10,8,0.8,1,150.4,5,246,2.5,246,7.5,295,0.0040650406504065,49
"156","1_50",8,7,0.875,0.8,150.4,4,198.2,2,150.4,6,295,0.00504540867810293,144.6
"157","1_52",10,7,0.7,1,198.2,5,295,2.5,295,7.5,Inf,0.00338983050847458,Inf
"158","1_54",9,8,0.888888888888889,0.9,150.4,4.5,198.2,2.25,198.2,6.75,342.1,0.00504540867810293,143.9
"159","1_59",9,8,0.888888888888889,0.9,102,4.5,150.4,2.25,150.4,6.75,246,0.00664893617021277,95.6
"160","1_62",10,10,1,1,102,5,102,2.5,102,7.5,102,0.00980392156862745,0
"161","1_63",8,7,0.875,0.8,246,4,246,2,246,6,342.1,0.0040650406504065,96.1
"162","1_65",8,7,0.875,0.8,198.2,4,198.2,2,198.2,6,295,0.00504540867810293,96.8
"163","1_66",10,10,1,1,102,5,150.4,2.5,150.4,7.5,150.4,0.00664893617021277,0
"164","1_67",8,4,0.5,0.8,198.2,4,437.6,2,295,6,Inf,0.00228519195612431,Inf
"165","1_68",9,9,1,0.9,150.4,4.5,150.4,2.25,150.4,6.75,150.4,0.00664893617021277,0
"166","1_7",9,4,0.444444444444444,0.9,294.9,4.5,Inf,2.25,389.9,6.75,Inf,0,Inf
"167","1_72",9,9,1,0.9,198.2,4.5,246,2.25,198.2,6.75,246,0.0040650406504065,47.8
"168","1_75",10,8,0.8,1,102,5,150.4,2.5,150.4,7.5,295.1,0.00664893617021277,144.7
"169","1_76",8,3,0.375,0.8,295.1,4,Inf,2,295.1,6,Inf,0,Inf
"170","1_77",8,3,0.375,0.8,295.1,4,Inf,2,390,6,Inf,0,Inf
"171","1_83",8,7,0.875,0.8,150.4,4,198.2,2,150.4,6,198.2,0.00504540867810293,47.8
"172","1_84",9,6,0.666666666666667,0.9,198.2,4.5,246.1,2.25,198.2,6.75,Inf,0.00406338886631451,Inf
"173","1_85",10,9,0.9,1,150.4,5,246.1,2.5,198.2,7.5,295.1,0.00406338886631451,96.9
"174","1_86",9,9,1,0.9,102,4.5,150.4,2.25,102,6.75,150.4,0.00664893617021277,48.4
"175","1_87",8,4,0.5,0.8,342.2,4,437.9,2,390,6,Inf,0.00228362639872117,Inf
"176","1_9",10,10,1,1,101.9,5,101.9,2.5,101.9,7.5,150.3,0.0098135426889107,48.4
"177","1_90",10,7,0.7,1,246.1,5,390,2.5,295.1,7.5,Inf,0.00256410256410256,Inf
"178","1_91",10,10,1,1,246.1,5,246.1,2.5,246.1,7.5,342.2,0.00406338886631451,96.1
"179","1_92",9,6,0.666666666666667,0.9,150.4,4.5,198.2,2.25,150.4,6.75,Inf,0.00504540867810293,Inf
"180","1_94",8,7,0.875,0.8,150.4,4,246.1,2,198.2,6,295.1,0.00406338886631451,96.9
"181","1_95",10,10,1,1,150.4,5,295.1,2.5,295.1,7.5,342.2,0.00338868180277872,47.1
"182","1_97",8,8,1,0.8,102,4,102,2,102,6,102,0.00980392156862745,0
"183","2_1",10,9,0.9,1,303.3,5,303.3,2.5,303.3,7.5,349.9,0.00329706561160567,46.6
"184","2_10",10,10,1,1,108.4,5,108.4,2.5,108.4,7.5,108.4,0.00922509225092251,0
"185","2_100",10,8,0.8,1,302.9,5,349.6,2.5,349.6,7.5,542.4,0.0028604118993135,192.8
"186","2_101",8,7,0.875,0.8,156,4,206.1,2,156,6,253.8,0.00485201358563804,97.8
"187","2_102",10,8,0.8,1,206.1,5,253.8,2.5,253.8,7.5,302.9,0.00394011032308905,49.1
"188","2_103",8,8,1,0.8,206.1,4,253.8,2,206.1,6,253.8,0.00394011032308905,47.7
"189","2_104",10,10,1,1,253.8,5,302.9,2.5,253.8,7.5,302.9,0.00330141961043249,49.1
"190","2_106",9,9,1,0.9,253.8,4.5,494.7,2.25,395.9,6.75,542.4,0.00202142712755205,146.5
"191","2_107",9,9,1,0.9,108,4.5,206.1,2.25,156,6.75,253.8,0.00485201358563804,97.8
"192","2_108",10,9,0.9,1,60.1,5,108,2.5,108,7.5,108,0.00925925925925926,0
"193","2_109",9,9,1,0.9,107.8,4.5,107.8,2.25,107.8,6.75,107.8,0.00927643784786642,0
"194","2_11",9,9,1,0.9,108.4,4.5,108.4,2.25,108.4,6.75,156.3,0.00922509225092251,47.9
"195","2_111",9,9,1,0.9,107.8,4.5,254,2.25,254,6.75,302.8,0.00393700787401575,48.8
"196","2_112",9,9,1,0.9,107.8,4.5,155.8,2.25,155.8,6.75,155.8,0.00641848523748395,0
"197","2_113",9,9,1,0.9,155.8,4.5,254,2.25,155.8,6.75,254,0.00393700787401575,98.2
"198","2_115",8,6,0.75,0.8,254,4,349.4,2,254,6,445.4,0.00286204922724671,191.4
"199","2_118",10,7,0.7,1,155.8,5,205.8,2.5,205.8,7.5,Inf,0.00485908649173955,Inf
"200","2_12",9,9,1,0.9,108.4,4.5,156.3,2.25,156.3,6.75,206.3,0.00639795265515035,50
"201","2_121",10,10,1,1,107.8,5,205.8,2.5,205.8,7.5,254,0.00485908649173955,48.2
"202","2_122",10,10,1,1,205.8,5,254,2.5,205.8,7.5,302.8,0.00393700787401575,97
"203","2_125",10,10,1,1,107.8,5,254,2.5,254,7.5,254,0.00393700787401575,0
"204","2_126",8,7,0.875,0.8,59.9,4,155.8,2,107.8,6,205.8,0.00641848523748395,98
"205","2_128",10,10,1,1,107.8,5,155.8,2.5,155.8,7.5,205.8,0.00641848523748395,50
"206","2_129",10,10,1,1,155.8,5,254,2.5,205.8,7.5,254,0.00393700787401575,48.2
"207","2_13",9,9,1,0.9,108.4,4.5,108.4,2.25,108.4,6.75,156.3,0.00922509225092251,47.9
"208","2_130",9,8,0.888888888888889,0.9,205.8,4.5,302.8,2.25,302.8,6.75,494.5,0.00330250990752972,191.7
"209","2_131",8,8,1,0.8,59.9,4,107.8,2,107.8,6,107.8,0.00927643784786642,0
"210","2_132",10,10,1,1,155.8,5,155.8,2.5,155.8,7.5,254,0.00641848523748395,98.2
"211","2_133",8,7,0.875,0.8,205.8,4,205.8,2,205.8,6,395.7,0.00485908649173955,189.9
"212","2_134",8,8,1,0.8,107.8,4,107.8,2,107.8,6,107.8,0.00927643784786642,0
"213","2_137",9,9,1,0.9,254,4.5,302.8,2.25,302.8,6.75,349.4,0.00330250990752972,46.6
"214","2_139",9,9,1,0.9,254,4.5,302.8,2.25,254,6.75,349.4,0.00330250990752972,95.4
"215","2_14",10,10,1,1,156.3,5,254.1,2.5,206.3,7.5,254.1,0.00393545848091303,47.8
"216","2_141",10,10,1,1,107.8,5,302.8,2.5,205.8,7.5,302.8,0.00330250990752972,97
"217","2_143",10,10,1,1,205.8,5,302.8,2.5,254,7.5,395.7,0.00330250990752972,141.7
"218","2_144",9,9,1,0.9,205.8,4.5,205.8,2.25,205.8,6.75,205.8,0.00485908649173955,0
"219","2_146",10,10,1,1,155.6,5,205.8,2.5,155.6,7.5,205.8,0.00485908649173955,50.2
"220","2_148",8,8,1,0.8,107.6,4,155.6,2,107.6,6,205.8,0.006426735218509,98.2
"221","2_149",8,6,0.75,0.8,253.8,4,542.3,2,302.7,6,542.3,0.00184399778720266,239.6
"222","2_15",8,6,0.75,0.8,156.3,4,254.1,2,206.3,6,349.9,0.00393545848091303,143.6
"223","2_150",10,10,1,1,107.6,5,107.6,2.5,107.6,7.5,205.8,0.00929368029739777,98.2
"224","2_153",10,10,1,1,107.6,5,107.6,2.5,107.6,7.5,107.6,0.00929368029739777,0
"225","2_154",10,10,1,1,155.6,5,253.8,2.5,205.8,7.5,253.8,0.00394011032308905,48
"226","2_155",10,10,1,1,155.6,5,205.8,2.5,205.8,7.5,205.8,0.00485908649173955,0
"227","2_157",9,9,1,0.9,107.6,4.5,107.6,2.25,107.6,6.75,155.6,0.00929368029739777,48
"228","2_158",9,0,0,0.9,542.5,4.5,Inf,2.25,Inf,6.75,Inf,0,NA
"229","2_159",9,8,0.888888888888889,0.9,155.6,4.5,205.8,2.25,205.8,6.75,205.8,0.00485908649173955,0
"230","2_16",10,10,1,1,156.3,5,206.3,2.5,206.3,7.5,206.3,0.00484730974309258,0
"231","2_162",10,10,1,1,155.6,5,155.6,2.5,155.6,7.5,253.8,0.006426735218509,98.2
"232","2_163",9,9,1,0.9,155.6,4.5,205.8,2.25,205.8,6.75,253.8,0.00485908649173955,48
"233","2_165",8,5,0.625,0.8,205.8,4,349.3,2,205.8,6,Inf,0.00286286859433152,Inf
"234","2_166",9,9,1,0.9,107.6,4.5,253.8,2.25,205.8,6.75,253.8,0.00394011032308905,48
"235","2_167",10,9,0.9,1,107.6,5,107.6,2.5,107.6,7.5,155.6,0.00929368029739777,48
"236","2_168",9,9,1,0.9,205.8,4.5,253.8,2.25,205.8,6.75,253.8,0.00394011032308905,48
"237","2_169",9,9,1,0.9,155.6,4.5,253.8,2.25,205.8,6.75,253.8,0.00394011032308905,48
"238","2_17",10,9,0.9,1,206.3,5,254.1,2.5,206.3,7.5,254.1,0.00393545848091303,47.8
"239","2_171",9,5,0.555555555555556,0.9,253.8,4.5,542.3,2.25,349.3,6.75,Inf,0.00184399778720266,Inf
"240","2_173",9,7,0.777777777777778,0.9,155.6,4.5,205.8,2.25,205.8,6.75,253.8,0.00485908649173955,48
"241","2_174",10,2,0.2,1,302.7,5,Inf,2.5,Inf,7.5,Inf,0,NA
"242","2_175",10,10,1,1,205.8,5,253.8,2.5,253.8,7.5,253.8,0.00394011032308905,0
"243","2_176",9,7,0.777777777777778,0.9,107.6,4.5,155.6,2.25,155.6,6.75,445.2,0.006426735218509,289.6
"244","2_177",10,10,1,1,155.6,5,155.6,2.5,155.6,7.5,205.8,0.006426735218509,50.2
"245","2_178",10,10,1,1,107.6,5,107.6,2.5,107.6,7.5,155.6,0.00929368029739777,48
"246","2_179",10,4,0.4,1,107.6,5,Inf,2.5,253.8,7.5,Inf,0,Inf
"247","2_18",9,9,1,0.9,108.4,4.5,108.4,2.25,108.4,6.75,156.3,0.00922509225092251,47.9
"248","2_180",10,10,1,1,302.7,5,395.6,2.5,395.6,7.5,445.2,0.00252780586450961,49.6
"249","2_181",8,8,1,0.8,107.5,4,107.5,2,107.5,6,155.5,0.00930232558139535,48
"250","2_182",9,9,1,0.9,107.5,4.5,107.5,2.25,107.5,6.75,155.5,0.00930232558139535,48
"251","2_183",9,9,1,0.9,205.7,4.5,253.8,2.25,205.7,6.75,253.8,0.00394011032308905,48.1
"252","2_184",10,10,1,1,155.5,5,253.8,2.5,205.7,7.5,302.6,0.00394011032308905,96.9
"253","2_185",10,10,1,1,107.5,5,107.5,2.5,107.5,7.5,155.5,0.00930232558139535,48
"254","2_186",10,1,0.1,1,395.4,5,Inf,2.5,Inf,7.5,Inf,0,NA
"255","2_187",10,10,1,1,205.7,5,253.8,2.5,253.8,7.5,302.6,0.00394011032308905,48.8
"256","2_188",9,7,0.777777777777778,0.9,205.7,4.5,395.4,2.25,349.2,6.75,542.3,0.00252908447142135,193.1
"257","2_19",8,7,0.875,0.8,108.4,4,156.3,2,156.3,6,156.3,0.00639795265515035,0
"258","2_191",10,9,0.9,1,107.5,5,155.5,2.5,155.5,7.5,349.2,0.00643086816720257,193.7
"259","2_193",10,10,1,1,155.5,5,205.7,2.5,205.7,7.5,205.7,0.00486144871171609,0
"260","2_196",9,3,0.333333333333333,0.9,395.4,4.5,Inf,2.25,542.3,6.75,Inf,0,Inf
"261","2_197",9,9,1,0.9,155.5,4.5,205.7,2.25,155.5,6.75,205.7,0.00486144871171609,50.2
"262","2_200",10,10,1,1,107.5,5,253.8,2.5,107.5,7.5,445.2,0.00394011032308905,337.7
"263","2_203",10,10,1,1,155.5,5,253.8,2.5,205.7,7.5,302.6,0.00394011032308905,96.9
"264","2_205",8,6,0.75,0.8,395.4,4,445.2,2,395.4,6,494.2,0.00224618149146451,98.8
"265","2_206",8,8,1,0.8,59.6,4,155.5,2,107.5,6,155.5,0.00643086816720257,48
"266","2_207",8,8,1,0.8,107.5,4,107.5,2,107.5,6,253.8,0.00930232558139535,146.3
"267","2_209",10,10,1,1,107.5,5,155.5,2.5,155.5,7.5,155.5,0.00643086816720257,0
"268","2_21",10,1,0.1,1,495.1,5,Inf,2.5,Inf,7.5,Inf,0,NA
"269","2_210",8,8,1,0.8,155.5,4,155.5,2,155.5,6,155.5,0.00643086816720257,0
"270","2_211",10,10,1,1,107.5,5,107.5,2.5,107.5,7.5,253.8,0.00930232558139535,146.3
"271","2_212",10,10,1,1,59.6,5,155.5,2.5,155.5,7.5,155.5,0.00643086816720257,0
"272","2_213",9,9,1,0.9,155.5,4.5,205.7,2.25,155.5,6.75,205.7,0.00486144871171609,50.2
"273","2_214",9,9,1,0.9,205.7,4.5,253.8,2.25,253.8,6.75,302.6,0.00394011032308905,48.8
"274","2_215",10,7,0.7,1,205.7,5,302.6,2.5,253.8,7.5,Inf,0.00330469266358229,Inf
"275","2_216",10,10,1,1,205.7,5,302.6,2.5,253.8,7.5,302.6,0.00330469266358229,48.8
"276","2_218",10,9,0.9,1,107.4,5,107.4,2.5,107.4,7.5,155.4,0.00931098696461825,48
"277","2_219",8,3,0.375,0.8,302.4,4,Inf,2,302.4,6,Inf,0,Inf
"278","2_22",10,5,0.5,1,349.9,5,542.3,2.5,396.3,7.5,Inf,0.00184399778720266,Inf
"279","2_222",10,8,0.8,1,155.4,5,302.4,2.5,205.6,7.5,395.4,0.00330687830687831,189.8
"280","2_223",9,8,0.888888888888889,0.9,107.4,4.5,107.4,2.25,107.4,6.75,107.4,0.00931098696461825,0
"281","2_227",10,10,1,1,155.4,5,205.6,2.5,205.6,7.5,205.6,0.00486381322957198,0
"282","2_228",10,10,1,1,205.6,5,253.8,2.5,253.8,7.5,302.4,0.00394011032308905,48.6
"283","2_229",10,7,0.7,1,349,5,445.1,2.5,395.4,7.5,Inf,0.00224668613794653,Inf
"284","2_23",9,9,1,0.9,108.4,4.5,156.3,2.25,156.3,6.75,206.3,0.00639795265515035,50
"285","2_230",10,0,0,1,542.5,5,Inf,2.5,Inf,7.5,Inf,0,NA
"286","2_231",10,10,1,1,59.5,5,107.4,2.5,107.4,7.5,155.4,0.00931098696461825,48
"287","2_232",10,10,1,1,155.4,5,205.6,2.5,155.4,7.5,253.8,0.00486381322957198,98.4
"288","2_233",9,9,1,0.9,107.4,4.5,155.4,2.25,155.4,6.75,155.4,0.00643500643500643,0
"289","2_234",10,10,1,1,107.4,5,107.4,2.5,107.4,7.5,107.4,0.00931098696461825,0
"290","2_235",8,6,0.75,0.8,349,4,395.4,2,349,6,494.1,0.00252908447142135,145.1
"291","2_236",10,9,0.9,1,253.8,5,349,2.5,253.8,7.5,395.4,0.00286532951289398,141.6
"292","2_237",9,8,0.888888888888889,0.9,107.4,4.5,155.4,2.25,155.4,6.75,155.4,0.00643500643500643,0
"293","2_239",10,10,1,1,155.4,5,253.8,2.5,253.8,7.5,302.4,0.00394011032308905,48.6
"294","2_24",9,9,1,0.9,108.4,4.5,349.9,2.25,254.1,6.75,349.9,0.00285795941697628,95.8
"295","2_242",8,7,0.875,0.8,205.6,4,253.8,2,205.6,6,253.8,0.00394011032308905,48.2
"296","2_243",10,2,0.2,1,494.1,5,Inf,2.5,Inf,7.5,Inf,0,NA
"297","2_245",9,1,0.111111111111111,0.9,445.1,4.5,Inf,2.25,Inf,6.75,Inf,0,NA
"298","2_249",8,8,1,0.8,205.6,4,205.6,2,205.6,6,253.8,0.00486381322957198,48.2
"299","2_25",10,10,1,1,108.4,5,156.3,2.5,156.3,7.5,156.3,0.00639795265515035,0
"300","2_250",9,6,0.666666666666667,0.9,205.6,4.5,302.4,2.25,302.4,6.75,Inf,0.00330687830687831,Inf
"301","2_251",10,10,1,1,205.6,5,205.6,2.5,205.6,7.5,253.8,0.00486381322957198,48.2
"302","2_252",10,0,0,1,542.5,5,Inf,2.5,Inf,7.5,Inf,0,NA
"303","2_253",10,10,1,1,205.5,5,302.2,2.5,253.7,7.5,395.2,0.00330906684315023,141.5
"304","2_254",10,10,1,1,107.2,5,253.7,2.5,155.3,7.5,253.7,0.00394166338194718,98.4
"305","2_255",9,9,1,0.9,155.3,4.5,348.9,2.25,253.7,6.75,395.2,0.00286615075952995,141.5
"306","2_258",8,8,1,0.8,107.2,4,107.2,2,107.2,6,107.2,0.00932835820895522,0
"307","2_259",10,9,0.9,1,253.7,5,348.9,2.5,302.2,7.5,348.9,0.00286615075952995,46.7
"308","2_26",9,0,0,0.9,542.5,4.5,Inf,2.25,Inf,6.75,Inf,0,NA
"309","2_261",10,10,1,1,155.3,5,205.5,2.5,205.5,7.5,253.7,0.0048661800486618,48.2
"310","2_263",10,10,1,1,205.5,5,253.7,2.5,205.5,7.5,302.4,0.00394166338194718,96.9
"311","2_265",10,10,1,1,107.2,5,107.2,2.5,107.2,7.5,155.3,0.00932835820895522,48.1
"312","2_267",10,10,1,1,253.7,5,302.4,2.5,302.4,7.5,445,0.00330687830687831,142.6
"313","2_268",10,9,0.9,1,107.2,5,107.2,2.5,107.2,7.5,205.5,0.00932835820895522,98.3
"314","2_269",8,8,1,0.8,155.3,4,205.5,2,155.3,6,253.7,0.0048661800486618,98.4
"315","2_27",10,10,1,1,156.3,5,206.3,2.5,206.3,7.5,254.1,0.00484730974309258,47.8
"316","2_271",10,9,0.9,1,205.5,5,253.7,2.5,253.7,7.5,302.4,0.00394166338194718,48.7
"317","2_272",10,10,1,1,253.7,5,253.7,2.5,253.7,7.5,302.4,0.00394166338194718,48.7
"318","2_273",9,9,1,0.9,205.5,4.5,253.7,2.25,205.5,6.75,302.4,0.00394166338194718,96.9
"319","2_275",8,2,0.25,0.8,253.7,4,Inf,2,445,6,Inf,0,Inf
"320","2_276",8,7,0.875,0.8,107.2,4,107.2,2,107.2,6,107.2,0.00932835820895522,0
"321","2_277",10,9,0.9,1,155.3,5,348.9,2.5,253.7,7.5,348.9,0.00286615075952995,95.2
"322","2_279",10,10,1,1,155.3,5,155.3,2.5,155.3,7.5,205.5,0.00643915003219575,50.2
"323","2_280",9,9,1,0.9,155.3,4.5,205.5,2.25,205.5,6.75,253.7,0.0048661800486618,48.2
"324","2_281",10,2,0.2,1,542.3,5,Inf,2.5,Inf,7.5,Inf,0,NA
"325","2_282",9,9,1,0.9,107.2,4.5,107.2,2.25,107.2,6.75,155.3,0.00932835820895522,48.1
"326","2_283",10,7,0.7,1,253.7,5,395.2,2.5,348.9,7.5,Inf,0.00253036437246964,Inf
"327","2_284",8,5,0.625,0.8,107.2,4,155.3,2,107.2,6,Inf,0.00643915003219575,Inf
"328","2_285",8,8,1,0.8,107.2,4,155.3,2,155.3,6,205.5,0.00643915003219575,50.2
"329","2_286",8,8,1,0.8,107.2,4,107.2,2,107.2,6,155.3,0.00932835820895522,48.1
"330","2_287",9,9,1,0.9,107.2,4.5,155.3,2.25,107.2,6.75,205.5,0.00643915003219575,98.3
"331","2_289",8,3,0.375,0.8,302.2,4,Inf,2,395.1,6,Inf,0,Inf
"332","2_295",10,9,0.9,1,205.3,5,253.6,2.5,253.6,7.5,302.2,0.00394321766561514,48.6
"333","2_297",10,10,1,1,205.3,5,205.3,2.5,205.3,7.5,205.3,0.00487092060399415,0
"334","2_300",10,10,1,1,205.3,5,253.6,2.5,253.6,7.5,348.8,0.00394321766561514,95.2
"335","2_303",10,10,1,1,348.8,5,395.1,2.5,348.8,7.5,444.8,0.00253100480890914,96
"336","2_306",10,10,1,1,107,5,302.2,2.5,253.6,7.5,348.8,0.00330906684315023,95.2
"337","2_308",9,9,1,0.9,155.1,4.5,205.3,2.25,155.1,6.75,253.6,0.00487092060399415,98.5
"338","2_31",10,10,1,1,206.3,5,206.3,2.5,206.3,7.5,254.1,0.00484730974309258,47.8
"339","2_310",10,10,1,1,107,5,205.3,2.5,205.3,7.5,253.6,0.00487092060399415,48.3
"340","2_311",10,10,1,1,155.1,5,205.3,2.5,205.3,7.5,253.6,0.00487092060399415,48.3
"341","2_312",10,8,0.8,1,205.3,5,302.2,2.5,253.6,7.5,493.8,0.00330906684315023,240.2
"342","2_313",10,3,0.3,1,302.2,5,Inf,2.5,395.1,7.5,Inf,0,Inf
"343","2_315",9,1,0.111111111111111,0.9,444.8,4.5,Inf,2.25,Inf,6.75,Inf,0,NA
"344","2_317",10,10,1,1,155.1,5,205.3,2.5,155.1,7.5,253.6,0.00487092060399415,98.5
"345","2_318",8,8,1,0.8,155.1,4,205.3,2,155.1,6,253.6,0.00487092060399415,98.5
"346","2_319",10,10,1,1,107,5,155.1,2.5,155.1,7.5,205.3,0.00644745325596389,50.2
"347","2_321",9,9,1,0.9,155.1,4.5,155.1,2.25,155.1,6.75,155.1,0.00644745325596389,0
"348","2_322",10,10,1,1,205.3,5,253.6,2.5,253.6,7.5,302.2,0.00394321766561514,48.6
"349","2_323",10,9,0.9,1,107,5,155.1,2.5,155.1,7.5,155.1,0.00644745325596389,0
"350","2_324",10,5,0.5,1,253.6,5,493.8,2.5,493.8,7.5,Inf,0.00202511138112596,Inf
"351","2_34",10,10,1,1,108.4,5,156.3,2.5,108.4,7.5,156.3,0.00639795265515035,47.9
"352","2_35",8,7,0.875,0.8,60.6,4,108.4,2,108.4,6,156.3,0.00922509225092251,47.9
"353","2_37",10,10,1,1,254,5,349.8,2.5,349.8,7.5,396.1,0.0028587764436821,46.3
"354","2_38",10,10,1,1,156.2,5,206.2,2.5,156.2,7.5,254,0.00484966052376334,97.8
"355","2_39",9,5,0.555555555555556,0.9,156.2,4.5,445.8,2.25,206.2,6.75,Inf,0.00224315836698071,Inf
"356","2_40",9,4,0.444444444444444,0.9,396.1,4.5,Inf,2.25,542.5,6.75,Inf,0,Inf
"357","2_41",10,10,1,1,108.2,5,108.2,2.5,108.2,7.5,156.2,0.00924214417744917,48
"358","2_43",8,8,1,0.8,108.2,4,108.2,2,108.2,6,108.2,0.00924214417744917,0
"359","2_44",10,10,1,1,108.2,5,206.2,2.5,206.2,7.5,254,0.00484966052376334,47.8
"360","2_48",10,10,1,1,108.2,5,206.2,2.5,156.2,7.5,349.8,0.00484966052376334,193.6
"361","2_49",9,9,1,0.9,156.2,4.5,206.2,2.25,206.2,6.75,206.2,0.00484966052376334,0
"362","2_51",10,3,0.3,1,445.8,5,Inf,2.5,542.5,7.5,Inf,0,Inf
"363","2_55",10,9,0.9,1,108.2,5,156.2,2.5,156.2,7.5,206.2,0.00640204865556978,50
"364","2_56",9,9,1,0.9,108.2,4.5,156.2,2.25,156.2,6.75,156.2,0.00640204865556978,0
"365","2_57",10,10,1,1,156.2,5,303.1,2.5,303.1,7.5,349.8,0.00329924117452986,46.7
"366","2_58",10,9,0.9,1,156.2,5,206.2,2.5,206.2,7.5,254,0.00484966052376334,47.8
"367","2_6",8,7,0.875,0.8,254.1,4,254.1,2,254.1,6,303.3,0.00393545848091303,49.2
"368","2_61",9,9,1,0.9,108.2,4.5,156.2,2.25,156.2,6.75,156.2,0.00640204865556978,0
"369","2_66",8,7,0.875,0.8,206.2,4,303.1,2,254,6,494.9,0.00329924117452986,240.9
"370","2_68",10,10,1,1,108.2,5,156.2,2.5,156.2,7.5,206.2,0.00640204865556978,50
"371","2_7",10,10,1,1,108.4,5,206.3,2.5,156.3,7.5,206.3,0.00484730974309258,50
"372","2_70",9,9,1,0.9,254,4.5,303.1,2.25,254,6.75,303.1,0.00329924117452986,49.1
"373","2_72",9,9,1,0.9,206.2,4.5,254,2.25,206.2,6.75,303.1,0.00393700787401575,96.9
"374","2_74",10,9,0.9,1,302.9,5,349.6,2.5,349.6,7.5,395.9,0.0028604118993135,46.3
"375","2_75",8,8,1,0.8,156,4,206.1,2,156,6,206.1,0.00485201358563804,50.1
"376","2_76",10,8,0.8,1,253.8,5,349.6,2.5,302.9,7.5,445.6,0.0028604118993135,142.7
"377","2_77",8,6,0.75,0.8,156,4,253.8,2,206.1,6,253.8,0.00394011032308905,47.7
"378","2_79",10,9,0.9,1,156,5,206.1,2.5,156,7.5,302.9,0.00485201358563804,146.9
"379","2_8",8,7,0.875,0.8,156.3,4,206.3,2,206.3,6,206.3,0.00484730974309258,0
"380","2_80",10,10,1,1,108,5,156,2.5,108,7.5,156,0.00641025641025641,48
"381","2_82",8,6,0.75,0.8,206.1,4,302.9,2,206.1,6,395.9,0.00330141961043249,189.8
"382","2_83",8,8,1,0.8,108,4,206.1,2,156,6,206.1,0.00485201358563804,50.1
"383","2_86",9,9,1,0.9,206.1,4.5,253.8,2.25,253.8,6.75,302.9,0.00394011032308905,49.1
"384","2_87",8,8,1,0.8,253.8,4,253.8,2,253.8,6,253.8,0.00394011032308905,0
"385","2_88",10,1,0.1,1,302.9,5,Inf,2.5,Inf,7.5,Inf,0,NA
"386","2_89",9,0,0,0.9,542.5,4.5,Inf,2.25,Inf,6.75,Inf,0,NA
"387","2_90",10,10,1,1,206.1,5,302.9,2.5,253.8,7.5,302.9,0.00330141961043249,49.1
"388","2_91",9,9,1,0.9,206.1,4.5,349.6,2.25,302.9,6.75,395.9,0.0028604118993135,93
"389","2_92",8,8,1,0.8,108,4,156,2,156,6,206.1,0.00641025641025641,50.1
"390","2_93",10,10,1,1,108,5,156,2.5,156,7.5,156,0.00641025641025641,0
"391","2_95",10,9,0.9,1,108,5,156,2.5,156,7.5,206.1,0.00641025641025641,50.1
"392","2_97",10,10,1,1,108,5,156,2.5,156,7.5,206.1,0.00641025641025641,50.1
"393","2_99",10,10,1,1,206.1,5,206.1,2.5,206.1,7.5,302.9,0.00485201358563804,96.8
"394","3_102",8,8,1,0.8,157.9,4,157.9,2,157.9,6,206.8,0.00633312222925902,48.9
"395","3_106",10,10,1,1,157.9,5,206.8,2.5,157.9,7.5,206.8,0.00483558994197292,48.9
"396","3_107",10,10,1,1,157.9,5,206.8,2.5,206.8,7.5,302.2,0.00483558994197292,95.4
"397","3_108",10,10,1,1,157.9,5,157.9,2.5,157.9,7.5,157.9,0.00633312222925902,0
"398","3_11",8,8,1,0.8,206.8,4,206.8,2,206.8,6,206.8,0.00483558994197292,0
"399","3_112",8,8,1,0.8,158.2,4,302.6,2,302.6,6,350.8,0.00330469266358229,48.2
"400","3_116",9,7,0.777777777777778,0.9,158.2,4.5,158.2,2.25,158.2,6.75,207.2,0.00632111251580278,49
"401","3_119",8,7,0.875,0.8,207.2,4,302.6,2,255.2,6,399,0.00330469266358229,143.8
"402","3_120",10,10,1,1,158.2,5,158.2,2.5,158.2,7.5,158.2,0.00632111251580278,0
"403","3_122",9,9,1,0.9,61.3,4.5,158.2,2.25,158.2,6.75,158.2,0.00632111251580278,0
"404","3_124",10,10,1,1,207.2,5,255.2,2.5,207.2,7.5,302.6,0.00391849529780564,95.4
"405","3_129",10,9,0.9,1,158.2,5,158.2,2.5,158.2,7.5,158.2,0.00632111251580278,0
"406","3_13",9,9,1,0.9,206.8,4.5,302.4,2.25,255,6.75,398.9,0.00330687830687831,143.9
"407","3_130",10,10,1,1,158.2,5,158.2,2.5,158.2,7.5,158.2,0.00632111251580278,0
"408","3_131",8,8,1,0.8,207.2,4,207.2,2,207.2,6,255.2,0.00482625482625483,48
"409","3_133",10,10,1,1,158.2,5,207.2,2.5,158.2,7.5,302.6,0.00482625482625483,144.4
"410","3_135",9,9,1,0.9,302.6,4.5,399,2.25,350.8,6.75,399,0.0025062656641604,48.2
"411","3_138",10,9,0.9,1,158.2,5,255.2,2.5,207.2,7.5,350.8,0.00391849529780564,143.6
"412","3_14",10,10,1,1,158,5,158,2.5,158,7.5,158,0.00632911392405063,0
"413","3_144",8,7,0.875,0.8,302.6,4,448.1,2,350.8,6,495.5,0.00223164472216023,144.7
"414","3_147",10,10,1,1,157.5,5,206.3,2.5,157.5,7.5,254.4,0.00484730974309258,96.9
"415","3_15",9,8,0.888888888888889,0.9,158,4.5,206.8,2.25,206.8,6.75,255,0.00483558994197292,48.2
"416","3_150",10,10,1,1,206.3,5,206.3,2.5,206.3,7.5,254.4,0.00484730974309258,48.1
"417","3_153",10,10,1,1,157.5,5,157.5,2.5,157.5,7.5,157.5,0.00634920634920635,0
"418","3_158",9,9,1,0.9,157.5,4.5,254.4,2.25,157.5,6.75,301.7,0.00393081761006289,144.2
"419","3_160",9,6,0.666666666666667,0.9,157.5,4.5,301.7,2.25,206.3,6.75,Inf,0.00331455087835598,Inf
"420","3_163",10,10,1,1,157.5,5,157.5,2.5,157.5,7.5,157.5,0.00634920634920635,0
"421","3_166",8,8,1,0.8,157.5,4,157.5,2,157.5,6,157.5,0.00634920634920635,0
"422","3_17",10,10,1,1,206.8,5,302.4,2.5,255,7.5,350.6,0.00330687830687831,95.6
"423","3_170",9,9,1,0.9,60.5,4.5,157.5,2.25,157.5,6.75,157.5,0.00634920634920635,0
"424","3_177",9,9,1,0.9,206.3,4.5,254.4,2.25,206.3,6.75,254.4,0.00393081761006289,48.1
"425","3_181",9,1,0.111111111111111,0.9,397.5,4.5,Inf,2.25,Inf,6.75,Inf,0,NA
"426","3_182",9,9,1,0.9,59.9,4.5,156.8,2.25,156.8,6.75,156.8,0.00637755102040816,0
"427","3_184",8,8,1,0.8,156.8,4,156.8,2,156.8,6,205.6,0.00637755102040816,48.8
"428","3_186",8,8,1,0.8,156.8,4,156.8,2,156.8,6,156.8,0.00637755102040816,0
"429","3_187",10,10,1,1,156.8,5,156.8,2.5,156.8,7.5,156.8,0.00637755102040816,0
"430","3_188",9,9,1,0.9,156.8,4.5,156.8,2.25,156.8,6.75,156.8,0.00637755102040816,0
"431","3_19",9,9,1,0.9,158,4.5,158,2.25,158,6.75,158,0.00632911392405063,0
"432","3_192",9,9,1,0.9,156.8,4.5,205.6,2.25,156.8,6.75,253.8,0.00486381322957198,97
"433","3_194",8,8,1,0.8,205.6,4,253.8,2,205.6,6,349.2,0.00394011032308905,143.6
"434","3_195",9,9,1,0.9,59.9,4.5,156.8,2.25,156.8,6.75,205.6,0.00637755102040816,48.8
"435","3_2",9,9,1,0.9,158,4.5,158,2.25,158,6.75,158,0.00632911392405063,0
"436","3_20",9,8,0.888888888888889,0.9,158,4.5,158,2.25,158,6.75,206.8,0.00632911392405063,48.8
"437","3_201",8,8,1,0.8,156.8,4,253.8,2,205.6,6,446.5,0.00394011032308905,240.9
"438","3_203",9,2,0.222222222222222,0.9,397.5,4.5,Inf,2.25,Inf,6.75,Inf,0,NA
"439","3_205",10,10,1,1,59.9,5,156.8,2.5,156.8,7.5,156.8,0.00637755102040816,0
"440","3_206",9,9,1,0.9,59.9,4.5,156.8,2.25,156.8,6.75,156.8,0.00637755102040816,0
"441","3_208",10,10,1,1,156.8,5,205.6,2.5,205.6,7.5,253.8,0.00486381322957198,48.2
"442","3_215",8,8,1,0.8,156.8,4,156.8,2,156.8,6,156.8,0.00637755102040816,0
"443","3_217",10,10,1,1,60.8,5,60.8,2.5,60.8,7.5,157.6,0.0164473684210526,96.8
"444","3_219",10,0,0,1,496,5,Inf,2.5,Inf,7.5,Inf,0,NA
"445","3_22",8,8,1,0.8,158,4,158,2,158,6,158,0.00632911392405063,0
"446","3_221",8,4,0.5,0.8,157.6,4,494.7,2,301.7,6,Inf,0.00202142712755205,Inf
"447","3_224",10,10,1,1,206.4,5,301.7,2.5,254.5,7.5,349.9,0.00331455087835598,95.4
"448","3_225",9,9,1,0.9,157.6,4.5,157.6,2.25,157.6,6.75,157.6,0.00634517766497462,0
"449","3_226",10,10,1,1,60.8,5,157.6,2.5,157.6,7.5,157.6,0.00634517766497462,0
"450","3_228",10,10,1,1,157.6,5,254.5,2.5,206.4,7.5,254.5,0.00392927308447937,48.1
"451","3_229",10,10,1,1,206.4,5,206.4,2.5,206.4,7.5,254.5,0.00484496124031008,48.1
"452","3_23",9,9,1,0.9,206.8,4.5,206.8,2.25,206.8,6.75,206.8,0.00483558994197292,0
"453","3_230",10,4,0.4,1,206.4,5,Inf,2.5,254.5,7.5,Inf,0,Inf
"454","3_232",10,9,0.9,1,157.6,5,254.5,2.5,254.5,7.5,447.2,0.00392927308447937,192.7
"455","3_233",9,9,1,0.9,157.6,4.5,157.6,2.25,157.6,6.75,157.6,0.00634517766497462,0
"456","3_235",10,10,1,1,157.6,5,206.4,2.5,206.4,7.5,301.7,0.00484496124031008,95.3
"457","3_236",10,9,0.9,1,157.6,5,301.7,2.5,206.4,7.5,398.2,0.00331455087835598,191.8
"458","3_238",10,8,0.8,1,60.8,5,157.6,2.5,60.8,7.5,157.6,0.00634517766497462,96.8
"459","3_24",9,9,1,0.9,61,4.5,158,2.25,158,6.75,158,0.00632911392405063,0
"460","3_240",10,10,1,1,157.6,5,206.4,2.5,206.4,7.5,206.4,0.00484496124031008,0
"461","3_245",10,10,1,1,157.6,5,206.4,2.5,157.6,7.5,254.5,0.00484496124031008,96.9
"462","3_246",8,8,1,0.8,157.6,4,157.6,2,157.6,6,157.6,0.00634517766497462,0
"463","3_248",10,10,1,1,206.4,5,254.5,2.5,254.5,7.5,301.7,0.00392927308447937,47.2
"464","3_25",10,5,0.5,1,158,5,302.4,2.5,255,7.5,Inf,0.00330687830687831,Inf
"465","3_250",8,8,1,0.8,157.6,4,157.6,2,157.6,6,157.6,0.00634517766497462,0
"466","3_252",8,8,1,0.8,157.6,4,157.6,2,157.6,6,206.4,0.00634517766497462,48.8
"467","3_253",9,5,0.555555555555556,0.9,205.8,4.5,397.6,2.25,253.9,6.75,Inf,0.00251509054325956,Inf
"468","3_256",9,9,1,0.9,157.1,4.5,157.1,2.25,157.1,6.75,157.1,0.0063653723742839,0
"469","3_26",8,8,1,0.8,158,4,255,2,206.8,6,302.4,0.00392156862745098,95.6
"470","3_264",9,0,0,0.9,496,4.5,Inf,2.25,Inf,6.75,Inf,0,NA
"471","3_265",9,8,0.888888888888889,0.9,60,4.5,205.8,2.25,157.1,6.75,253.9,0.00485908649173955,96.8
"472","3_268",9,9,1,0.9,60,4.5,60,2.25,60,6.75,157.1,0.0166666666666667,97.1
"473","3_270",9,9,1,0.9,60,4.5,157.1,2.25,157.1,6.75,157.1,0.0063653723742839,0
"474","3_273",9,9,1,0.9,157.1,4.5,157.1,2.25,157.1,6.75,157.1,0.0063653723742839,0
"475","3_277",8,6,0.75,0.8,157.1,4,205.8,2,157.1,6,349.3,0.00485908649173955,192.2
"476","3_278",9,9,1,0.9,157.1,4.5,157.1,2.25,157.1,6.75,157.1,0.0063653723742839,0
"477","3_279",9,9,1,0.9,157.1,4.5,157.1,2.25,157.1,6.75,157.1,0.0063653723742839,0
"478","3_281",10,10,1,1,157.1,5,157.1,2.5,157.1,7.5,157.1,0.0063653723742839,0
"479","3_285",9,7,0.777777777777778,0.9,157.1,4.5,253.9,2.25,205.8,6.75,301.1,0.00393855848759354,95.3
"480","3_286",10,6,0.6,1,253.9,5,349.3,2.5,349.3,7.5,Inf,0.00286286859433152,Inf
"481","3_288",10,10,1,1,157.1,5,157.1,2.5,157.1,7.5,157.1,0.0063653723742839,0
"482","3_293",10,10,1,1,205.4,5,300.8,2.5,253.6,7.5,348.9,0.00332446808510638,95.3
"483","3_295",10,10,1,1,156.7,5,156.7,2.5,156.7,7.5,156.7,0.00638162093171666,0
"484","3_296",9,9,1,0.9,253.6,4.5,348.9,2.25,300.8,6.75,446.2,0.00286615075952995,145.4
"485","3_297",10,10,1,1,156.7,5,156.7,2.5,156.7,7.5,156.7,0.00638162093171666,0
"486","3_299",9,9,1,0.9,156.7,4.5,300.8,2.25,253.6,6.75,348.9,0.00332446808510638,95.3
"487","3_30",9,2,0.222222222222222,0.9,255,4.5,Inf,2.25,Inf,6.75,Inf,0,NA
"488","3_300",8,8,1,0.8,156.7,4,205.4,2,156.7,6,205.4,0.00486854917234664,48.7
"489","3_301",9,8,0.888888888888889,0.9,205.4,4.5,397.2,2.25,300.8,6.75,397.2,0.00251762336354481,96.4
"490","3_305",9,8,0.888888888888889,0.9,156.7,4.5,156.7,2.25,156.7,6.75,156.7,0.00638162093171666,0
"491","3_306",10,10,1,1,156.7,5,156.7,2.5,156.7,7.5,156.7,0.00638162093171666,0
"492","3_307",9,9,1,0.9,205.4,4.5,253.6,2.25,205.4,6.75,253.6,0.00394321766561514,48.2
"493","3_308",10,3,0.3,1,300.8,5,Inf,2.5,493.7,7.5,Inf,0,Inf
"494","3_311",9,9,1,0.9,156.7,4.5,205.4,2.25,205.4,6.75,253.6,0.00486854917234664,48.2
"495","3_313",10,7,0.7,1,253.6,5,446.2,2.5,397.2,7.5,Inf,0.00224114746750336,Inf
"496","3_315",10,10,1,1,156.7,5,156.7,2.5,156.7,7.5,205.4,0.00638162093171666,48.7
"497","3_316",10,2,0.2,1,253.6,5,Inf,2.5,Inf,7.5,Inf,0,NA
"498","3_317",8,7,0.875,0.8,156.7,4,156.7,2,156.7,6,156.7,0.00638162093171666,0
"499","3_318",10,10,1,1,156.7,5,156.7,2.5,156.7,7.5,156.7,0.00638162093171666,0
"500","3_319",8,8,1,0.8,156.7,4,156.7,2,156.7,6,156.7,0.00638162093171666,0
"501","3_323",8,8,1,0.8,156.7,4,156.7,2,156.7,6,156.7,0.00638162093171666,0
"502","3_34",10,10,1,1,61,5,158,2.5,158,7.5,158,0.00632911392405063,0
"503","3_36",9,8,0.888888888888889,0.9,158,4.5,302.4,2.25,206.8,6.75,350.6,0.00330687830687831,143.8
"504","3_38",8,8,1,0.8,157.8,4,206.7,2,157.8,6,206.7,0.00483792936623125,48.9
"505","3_39",10,0,0,1,496,5,Inf,2.5,Inf,7.5,Inf,0,NA
"506","3_42",9,8,0.888888888888889,0.9,157.8,4.5,206.7,2.25,206.7,6.75,254.8,0.00483792936623125,48.1
"507","3_46",10,8,0.8,1,157.8,5,254.8,2.5,157.8,7.5,302.1,0.00392464678178964,144.3
"508","3_47",9,9,1,0.9,60.7,4.5,157.8,2.25,157.8,6.75,157.8,0.00633713561470215,0
"509","3_49",9,9,1,0.9,157.8,4.5,157.8,2.25,157.8,6.75,157.8,0.00633713561470215,0
"510","3_5",8,8,1,0.8,158,4,158,2,158,6,158,0.00632911392405063,0
"511","3_51",10,10,1,1,157.8,5,254.8,2.5,206.7,7.5,302.1,0.00392464678178964,95.4
"512","3_53",10,10,1,1,254.8,5,254.8,2.5,254.8,7.5,302.1,0.00392464678178964,47.3
"513","3_57",9,8,0.888888888888889,0.9,157.8,4.5,254.8,2.25,157.8,6.75,302.1,0.00392464678178964,144.3
"514","3_61",10,10,1,1,206.7,5,302.1,2.5,254.8,7.5,350.3,0.0033101621979477,95.5
"515","3_64",8,7,0.875,0.8,302.1,4,350.3,2,350.3,6,447.7,0.00285469597487868,97.4
"516","3_67",9,9,1,0.9,157.8,4.5,157.8,2.25,157.8,6.75,157.8,0.00633713561470215,0
"517","3_7",10,5,0.5,1,302.4,5,398.9,2.5,302.4,7.5,Inf,0.00250689395838556,Inf
"518","3_72",10,10,1,1,157.8,5,157.8,2.5,157.8,7.5,157.8,0.00633713561470215,0
"519","3_73",9,9,1,0.9,206.8,4.5,302.2,2.25,206.8,6.75,350.4,0.00330906684315023,143.6
"520","3_74",9,4,0.444444444444444,0.9,254.8,4.5,Inf,2.25,398.6,6.75,Inf,0,Inf
"521","3_75",10,10,1,1,60.9,5,157.9,2.5,157.9,7.5,157.9,0.00633312222925902,0
"522","3_76",10,10,1,1,157.9,5,206.8,2.5,206.8,7.5,206.8,0.00483558994197292,0
"523","3_77",10,10,1,1,157.9,5,157.9,2.5,157.9,7.5,157.9,0.00633312222925902,0
"524","3_78",8,7,0.875,0.8,157.9,4,206.8,2,157.9,6,254.8,0.00483558994197292,96.9
"525","3_8",9,9,1,0.9,158,4.5,158,2.25,158,6.75,206.8,0.00632911392405063,48.8
"526","3_80",9,6,0.666666666666667,0.9,254.8,4.5,350.4,2.25,302.2,6.75,Inf,0.00285388127853881,Inf
"527","3_84",10,0,0,1,496,5,Inf,2.5,Inf,7.5,Inf,0,NA
"528","3_85",10,9,0.9,1,206.8,5,254.8,2.5,254.8,7.5,302.2,0.00392464678178964,47.4
"529","3_87",9,8,0.888888888888889,0.9,254.8,4.5,302.2,2.25,254.8,6.75,350.4,0.00330906684315023,95.6
"530","3_88",8,8,1,0.8,157.9,4,157.9,2,157.9,6,157.9,0.00633312222925902,0
"531","3_89",8,8,1,0.8,157.9,4,157.9,2,157.9,6,157.9,0.00633312222925902,0
"532","3_9",8,6,0.75,0.8,206.8,4,448,2,255,6,448,0.00223214285714286,193
"533","3_92",9,9,1,0.9,157.9,4.5,157.9,2.25,157.9,6.75,157.9,0.00633312222925902,0
"534","3_95",9,9,1,0.9,302.2,4.5,350.4,2.25,350.4,6.75,350.4,0.00285388127853881,0
"535","3_96",10,10,1,1,157.9,5,157.9,2.5,157.9,7.5,157.9,0.00633312222925902,0
"536","3_97",10,10,1,1,206.8,5,254.8,2.5,206.8,7.5,254.8,0.00392464678178964,48
"537","3_99",8,3,0.375,0.8,157.9,4,Inf,2,157.9,6,Inf,0,Inf
"538","4_1",9,7,0.777777777777778,0.9,160.5,4.5,208.4,2.25,208.4,6.75,304.1,0.00479846449136276,95.7
"539","4_100",9,2,0.222222222222222,0.9,160.4,4.5,Inf,2.25,Inf,6.75,Inf,0,NA
"540","4_102",8,3,0.375,0.8,448.4,4,Inf,2,448.4,6,Inf,0,Inf
"541","4_106",9,8,0.888888888888889,0.9,114.5,4.5,160.4,2.25,160.4,6.75,160.4,0.00623441396508728,0
"542","4_109",8,8,1,0.8,114.3,4,160.2,2,114.3,6,160.2,0.00624219725343321,45.9
"543","4_114",8,8,1,0.8,66.7,4,114.3,2,114.3,6,114.3,0.00874890638670166,0
"544","4_119",9,7,0.777777777777778,0.9,66.7,4.5,160.2,2.25,160.2,6.75,208.2,0.00624219725343321,48
"545","4_120",10,10,1,1,66.7,5,114.3,2.5,66.7,7.5,114.3,0.00874890638670166,47.6
"546","4_126",8,0,0,0.8,497.5,4,Inf,2,Inf,6,Inf,0,NA
"547","4_131",10,7,0.7,1,114.3,5,114.3,2.5,114.3,7.5,Inf,0.00874890638670166,Inf
"548","4_135",8,7,0.875,0.8,160.2,4,160.2,2,160.2,6,353.8,0.00624219725343321,193.6
"549","4_14",8,7,0.875,0.8,114.7,4,160.5,2,160.5,6,160.5,0.00623052959501558,0
"550","4_156",9,9,1,0.9,114.3,4.5,160.2,2.25,160.2,6.75,208.1,0.00624219725343321,47.9
"551","4_16",10,10,1,1,114.7,5,114.7,2.5,114.7,7.5,160.5,0.00871839581517001,45.8
"552","4_164",9,9,1,0.9,160.2,4.5,256.3,2.25,256.3,6.75,303.8,0.00390167772142021,47.5
"553","4_165",8,8,1,0.8,160.2,4,160.2,2,160.2,6,160.2,0.00624219725343321,0
"554","4_172",9,9,1,0.9,114.3,4.5,160.2,2.25,114.3,6.75,160.2,0.00624219725343321,45.9
"555","4_174",9,9,1,0.9,114.3,4.5,114.3,2.25,114.3,6.75,208.1,0.00874890638670166,93.8
"556","4_180",9,1,0.111111111111111,0.9,448.2,4.5,Inf,2.25,Inf,6.75,Inf,0,NA
"557","4_188",9,9,1,0.9,66.6,4.5,114.2,2.25,114.2,6.75,114.2,0.00875656742556918,0
"558","4_190",10,10,1,1,66.6,5,114.2,2.5,114.2,7.5,114.2,0.00875656742556918,0
"559","4_194",10,10,1,1,114.2,5,208.1,2.5,160.2,7.5,303.7,0.00480538202787122,143.5
"560","4_2",8,8,1,0.8,67.1,4,114.7,2,67.1,6,114.7,0.00871839581517001,47.6
"561","4_201",8,0,0,0.8,497.5,4,Inf,2,Inf,6,Inf,0,NA
"562","4_202",9,9,1,0.9,114.2,4.5,114.2,2.25,114.2,6.75,160.2,0.00875656742556918,46
"563","4_204",9,9,1,0.9,208.1,4.5,208.1,2.25,208.1,6.75,256.2,0.00480538202787122,48.1
"564","4_208",9,0,0,0.9,497.5,4.5,Inf,2.25,Inf,6.75,Inf,0,NA
"565","4_213",10,10,1,1,66.6,5,114.2,2.5,114.2,7.5,114.2,0.00875656742556918,0
"566","4_217",9,9,1,0.9,114.8,4.5,256.9,2.25,208.8,6.75,304.3,0.00389256520046711,95.5
"567","4_219",8,2,0.25,0.8,208.8,4,Inf,2,304.3,6,Inf,0,Inf
"568","4_221",8,7,0.875,0.8,114.8,4,256.9,2,160.8,6,354.4,0.00389256520046711,193.6
"569","4_229",8,8,1,0.8,114.8,4,114.8,2,114.8,6,114.8,0.00871080139372822,0
"570","4_231",9,1,0.111111111111111,0.9,448.8,4.5,Inf,2.25,Inf,6.75,Inf,0,NA
"571","4_24",8,8,1,0.8,114.7,4,256.6,2,160.5,6,256.6,0.00389711613406079,96.1
"572","4_244",10,10,1,1,114.8,5,160.8,2.5,160.8,7.5,208.8,0.00621890547263682,48
"573","4_247",8,2,0.25,0.8,354.4,4,Inf,2,497.5,6,Inf,0,Inf
"574","4_250",8,6,0.75,0.8,160.8,4,304.3,2,160.8,6,354.4,0.00328623069339468,193.6
"575","4_251",10,10,1,1,114.8,5,160.8,2.5,160.8,7.5,160.8,0.00621890547263682,0
"576","4_256",9,0,0,0.9,497.5,4.5,Inf,2.25,Inf,6.75,Inf,0,NA
"577","4_263",10,10,1,1,208.2,5,208.2,2.5,208.2,7.5,208.2,0.0048030739673391,0
"578","4_266",9,9,1,0.9,114.2,4.5,114.2,2.25,114.2,6.75,160.2,0.00875656742556918,46
"579","4_269",9,9,1,0.9,114.2,4.5,160.2,2.25,160.2,6.75,208.2,0.00624219725343321,48
"580","4_270",9,9,1,0.9,160.2,4.5,160.2,2.25,160.2,6.75,160.2,0.00624219725343321,0
"581","4_271",9,8,0.888888888888889,0.9,160.2,4.5,208.2,2.25,208.2,6.75,256.2,0.0048030739673391,48
"582","4_278",9,0,0,0.9,497.5,4.5,Inf,2.25,Inf,6.75,Inf,0,NA
"583","4_281",8,8,1,0.8,208.2,4,256.2,2,208.2,6,303.7,0.0039032006245121,95.5
"584","4_287",9,2,0.222222222222222,0.9,208.2,4.5,Inf,2.25,Inf,6.75,Inf,0,NA
"585","4_29",8,7,0.875,0.8,208.4,4,256.6,2,208.4,6,304.1,0.00389711613406079,95.7
"586","4_296",8,2,0.25,0.8,303.6,4,Inf,2,303.6,6,Inf,0,Inf
"587","4_30",9,3,0.333333333333333,0.9,160.5,4.5,Inf,2.25,354.1,6.75,Inf,0,Inf
"588","4_305",9,2,0.222222222222222,0.9,208.2,4.5,Inf,2.25,Inf,6.75,Inf,0,NA
"589","4_309",8,8,1,0.8,114.1,4,160.1,2,114.1,6,208.2,0.00624609618988132,94.1
"590","4_311",10,10,1,1,114.1,5,160.1,2.5,160.1,7.5,256.2,0.00624609618988132,96.1
"591","4_313",10,10,1,1,66.5,5,114.1,2.5,114.1,7.5,114.1,0.00876424189307625,0
"592","4_317",8,8,1,0.8,114.1,4,160.1,2,160.1,6,160.1,0.00624609618988132,0
"593","4_319",10,10,1,1,114.1,5,114.1,2.5,114.1,7.5,114.1,0.00876424189307625,0
"594","4_35",8,7,0.875,0.8,160.3,4,208.2,2,160.3,6,256.3,0.0048030739673391,96
"595","4_41",10,10,1,1,160.3,5,208.2,2.5,160.3,7.5,256.4,0.0048030739673391,96.1
"596","4_44",10,10,1,1,208.2,5,208.2,2.5,208.2,7.5,256.4,0.0048030739673391,48.2
"597","4_46",9,9,1,0.9,114.5,4.5,114.5,2.25,114.5,6.75,160.3,0.00873362445414847,45.8
"598","4_48",8,8,1,0.8,160.3,4,208.2,2,160.3,6,208.2,0.0048030739673391,47.9
"599","4_49",10,9,0.9,1,160.3,5,303.9,2.5,256.4,7.5,401.9,0.00329055610398157,145.5
"600","4_55",8,8,1,0.8,114.5,4,160.3,2,114.5,6,160.3,0.00623830318153462,45.8
"601","4_63",8,6,0.75,0.8,114.5,4,160.3,2,160.3,6,208.2,0.00623830318153462,47.9
"602","4_65",8,3,0.375,0.8,303.9,4,Inf,2,303.9,6,Inf,0,Inf
"603","4_66",9,9,1,0.9,208.2,4.5,303.9,2.25,256.4,6.75,353.9,0.00329055610398157,97.5
"604","4_73",10,10,1,1,114.5,5,160.4,2.5,114.5,7.5,160.4,0.00623441396508728,45.9
"605","4_76",8,8,1,0.8,114.5,4,160.4,2,114.5,6,208.3,0.00623441396508728,93.8
"606","4_8",8,2,0.25,0.8,160.5,4,Inf,2,256.6,6,Inf,0,Inf
"607","4_81",9,9,1,0.9,66.9,4.5,114.5,2.25,66.9,6.75,114.5,0.00873362445414847,47.6
"608","4_83",9,6,0.666666666666667,0.9,114.5,4.5,160.4,2.25,160.4,6.75,Inf,0.00623441396508728,Inf
"609","4_85",10,4,0.4,1,208.3,5,Inf,2.5,303.9,7.5,Inf,0,Inf
"610","4_89",9,7,0.777777777777778,0.9,114.5,4.5,353.9,2.25,160.4,6.75,448.4,0.00282565696524442,288
"611","4_9",9,9,1,0.9,160.5,4.5,208.4,2.25,208.4,6.75,256.6,0.00479846449136276,48.2
"612","4_90",8,4,0.5,0.8,114.5,4,497.1,2,114.5,6,Inf,0.0020116676725005,Inf
"613","5_1",9,9,1,0.9,156.8,4.5,254,2.25,207,6.75,254,0.00393700787401575,47
"614","5_10",10,8,0.8,1,207,5,303.8,2.5,254,7.5,493.5,0.0032916392363397,239.5
"615","5_101",10,10,1,1,207,5,207,2.5,207,7.5,303.8,0.00483091787439614,96.8
"616","5_102",9,9,1,0.9,109.5,4.5,109.5,2.25,109.5,6.75,109.5,0.0091324200913242,0
"617","5_103",9,9,1,0.9,156.8,4.5,207,2.25,207,6.75,207,0.00483091787439614,0
"618","5_104",8,8,1,0.8,156.8,4,207,2,156.8,6,207,0.00483091787439614,50.2
"619","5_105",10,10,1,1,61.8,5,156.8,2.5,109.5,7.5,156.8,0.00637755102040816,47.3
"620","5_113",9,5,0.555555555555556,0.9,397.5,4.5,522,2.25,397.5,6.75,Inf,0.00191570881226054,Inf
"621","5_115",9,9,1,0.9,109.5,4.5,207,2.25,156.8,6.75,254,0.00483091787439614,97.2
"622","5_116",10,10,1,1,156.8,5,254,2.5,254,7.5,303.8,0.00393700787401575,49.8
"623","5_117",9,7,0.777777777777778,0.9,109.5,4.5,254,2.25,254,6.75,446,0.00393700787401575,192
"624","5_12",8,8,1,0.8,156.8,4,207,2,156.8,6,254,0.00483091787439614,97.2
"625","5_127",8,8,1,0.8,61.8,4,109.5,2,61.8,6,109.5,0.0091324200913242,47.7
"626","5_128",8,7,0.875,0.8,303.8,4,352,2,352,6,352,0.00284090909090909,0
"627","5_138",8,0,0,0.8,522,4,Inf,2,Inf,6,Inf,0,NA
"628","5_14",8,8,1,0.8,61.8,4,109.5,2,109.5,6,522,0.0091324200913242,412.5
"629","5_140",10,10,1,1,156.8,5,156.8,2.5,156.8,7.5,156.8,0.00637755102040816,0
"630","5_143",9,9,1,0.9,109.5,4.5,207,2.25,156.8,6.75,254,0.00483091787439614,97.2
"631","5_146",10,10,1,1,156.8,5,156.8,2.5,156.8,7.5,156.8,0.00637755102040816,0
"632","5_147",9,9,1,0.9,156.8,4.5,156.8,2.25,156.8,6.75,156.8,0.00637755102040816,0
"633","5_149",9,9,1,0.9,156.8,4.5,254,2.25,207,6.75,303.8,0.00393700787401575,96.8
"634","5_15",10,10,1,1,207,5,207,2.5,207,7.5,254,0.00483091787439614,47
"635","5_150",9,8,0.888888888888889,0.9,109.5,4.5,254,2.25,207,6.75,397.5,0.00393700787401575,190.5
"636","5_152",9,9,1,0.9,156.8,4.5,156.8,2.25,156.8,6.75,156.8,0.00637755102040816,0
"637","5_154",10,10,1,1,207,5,254,2.5,254,7.5,303.8,0.00393700787401575,49.8
"638","5_155",8,8,1,0.8,61.8,4,109.5,2,109.5,6,156.8,0.0091324200913242,47.3
"639","5_157",10,10,1,1,109.5,5,207,2.5,156.8,7.5,207,0.00483091787439614,50.2
"640","5_158",10,10,1,1,61.8,5,61.8,2.5,61.8,7.5,109.5,0.0161812297734628,47.7
"641","5_159",8,8,1,0.8,207,4,254,2,207,6,352,0.00393700787401575,145
"642","5_16",8,7,0.875,0.8,207,4,254,2,207,6,352,0.00393700787401575,145
"643","5_161",8,8,1,0.8,109.5,4,156.8,2,156.8,6,254,0.00637755102040816,97.2
"644","5_164",10,10,1,1,156.8,5,207,2.5,207,7.5,254,0.00483091787439614,47
"645","5_165",10,10,1,1,156.8,5,207,2.5,156.8,7.5,207,0.00483091787439614,50.2
"646","5_171",8,8,1,0.8,254,4,352,2,303.8,6,352,0.00284090909090909,48.2
"647","5_172",10,10,1,1,156.8,5,207,2.5,207,7.5,254,0.00483091787439614,47
"648","5_177",8,5,0.625,0.8,352,4,522,2,352,6,Inf,0.00191570881226054,Inf
"649","5_18",9,3,0.333333333333333,0.9,254,4.5,Inf,2.25,303.8,6.75,Inf,0,Inf
"650","5_182",8,8,1,0.8,109.5,4,156.8,2,109.5,6,207,0.00637755102040816,97.5
"651","5_183",10,9,0.9,1,303.8,5,397.5,2.5,352,7.5,446,0.00251572327044025,94
"652","5_184",8,8,1,0.8,61.8,4,109.5,2,109.5,6,109.5,0.0091324200913242,0
"653","5_185",10,10,1,1,254,5,352,2.5,303.8,7.5,397.5,0.00284090909090909,93.7
"654","5_186",10,10,1,1,61.8,5,156.8,2.5,156.8,7.5,254,0.00637755102040816,97.2
"655","5_189",8,8,1,0.8,109.5,4,109.5,2,109.5,6,156.8,0.0091324200913242,47.3
"656","5_19",9,9,1,0.9,207,4.5,303.8,2.25,207,6.75,352,0.0032916392363397,145
"657","5_191",10,10,1,1,109.5,5,156.8,2.5,156.8,7.5,207,0.00637755102040816,50.2
"658","5_192",9,9,1,0.9,156.8,4.5,254,2.25,207,6.75,254,0.00393700787401575,47
"659","5_193",8,8,1,0.8,109.5,4,156.8,2,156.8,6,156.8,0.00637755102040816,0
"660","5_199",10,10,1,1,61.8,5,156.8,2.5,156.8,7.5,156.8,0.00637755102040816,0
"661","5_2",8,7,0.875,0.8,207,4,303.8,2,207,6,397.5,0.0032916392363397,190.5
"662","5_200",8,8,1,0.8,156.8,4,156.8,2,156.8,6,207,0.00637755102040816,50.2
"663","5_201",10,10,1,1,61.8,5,109.5,2.5,109.5,7.5,156.8,0.0091324200913242,47.3
"664","5_202",10,10,1,1,207,5,254,2.5,207,7.5,303.8,0.00393700787401575,96.8
"665","5_203",10,10,1,1,109.5,5,156.8,2.5,156.8,7.5,156.8,0.00637755102040816,0
"666","5_206",8,8,1,0.8,109.5,4,109.5,2,109.5,6,109.5,0.0091324200913242,0
"667","5_207",10,10,1,1,109.5,5,207,2.5,156.8,7.5,254,0.00483091787439614,97.2
"668","5_21",10,10,1,1,109.5,5,156.8,2.5,156.8,7.5,254,0.00637755102040816,97.2
"669","5_215",10,10,1,1,109.5,5,109.5,2.5,109.5,7.5,109.5,0.0091324200913242,0
"670","5_216",10,10,1,1,109.5,5,156.8,2.5,156.8,7.5,303.8,0.00637755102040816,147
"671","5_217",10,4,0.4,1,303.8,5,Inf,2.5,493.5,7.5,Inf,0,Inf
"672","5_219",10,10,1,1,109.5,5,156.8,2.5,156.8,7.5,207,0.00637755102040816,50.2
"673","5_220",9,9,1,0.9,109.5,4.5,207,2.25,156.8,6.75,207,0.00483091787439614,50.2
"674","5_226",10,10,1,1,109.5,5,156.8,2.5,109.5,7.5,156.8,0.00637755102040816,47.3
"675","5_229",8,8,1,0.8,109.5,4,156.8,2,109.5,6,156.8,0.00637755102040816,47.3
"676","5_230",10,10,1,1,156.8,5,156.8,2.5,156.8,7.5,156.8,0.00637755102040816,0
"677","5_231",9,8,0.888888888888889,0.9,109.5,4.5,156.8,2.25,109.5,6.75,156.8,0.00637755102040816,47.3
"678","5_234",9,9,1,0.9,61.8,4.5,109.5,2.25,61.8,6.75,109.5,0.0091324200913242,47.7
"679","5_235",8,8,1,0.8,207,4,207,2,207,6,207,0.00483091787439614,0
"680","5_239",10,10,1,1,61.8,5,156.8,2.5,156.8,7.5,207,0.00637755102040816,50.2
"681","5_240",10,10,1,1,156.8,5,254,2.5,207,7.5,352,0.00393700787401575,145
"682","5_241",9,9,1,0.9,61.8,4.5,156.8,2.25,156.8,6.75,207,0.00637755102040816,50.2
"683","5_245",9,9,1,0.9,109.5,4.5,109.5,2.25,109.5,6.75,109.5,0.0091324200913242,0
"684","5_247",10,10,1,1,109.5,5,207,2.5,156.8,7.5,303.8,0.00483091787439614,147
"685","5_248",10,10,1,1,61.8,5,207,2.5,207,7.5,254,0.00483091787439614,47
"686","5_25",8,7,0.875,0.8,207,4,207,2,207,6,254,0.00483091787439614,47
"687","5_252",10,10,1,1,109.5,5,156.8,2.5,156.8,7.5,254,0.00637755102040816,97.2
"688","5_253",9,7,0.777777777777778,0.9,254,4.5,352,2.25,303.8,6.75,493.5,0.00284090909090909,189.7
"689","5_255",9,8,0.888888888888889,0.9,109.5,4.5,156.8,2.25,109.5,6.75,156.8,0.00637755102040816,47.3
"690","5_257",9,8,0.888888888888889,0.9,109.5,4.5,303.8,2.25,254,6.75,397.5,0.0032916392363397,143.5
"691","5_258",9,9,1,0.9,109.5,4.5,109.5,2.25,109.5,6.75,156.8,0.0091324200913242,47.3
"692","5_259",9,9,1,0.9,61.8,4.5,109.5,2.25,109.5,6.75,156.8,0.0091324200913242,47.3
"693","5_26",9,9,1,0.9,156.8,4.5,207,2.25,156.8,6.75,207,0.00483091787439614,50.2
"694","5_260",8,8,1,0.8,254,4,303.8,2,254,6,352,0.0032916392363397,98
"695","5_262",10,8,0.8,1,156.8,5,207,2.5,156.8,7.5,207,0.00483091787439614,50.2
"696","5_263",10,10,1,1,109.5,5,156.8,2.5,156.8,7.5,156.8,0.00637755102040816,0
"697","5_264",10,10,1,1,156.8,5,207,2.5,156.8,7.5,352,0.00483091787439614,195.2
"698","5_265",9,9,1,0.9,156.8,4.5,207,2.25,156.8,6.75,254,0.00483091787439614,97.2
"699","5_266",8,8,1,0.8,109.5,4,109.5,2,109.5,6,109.5,0.0091324200913242,0
"700","5_267",8,8,1,0.8,156.8,4,156.8,2,156.8,6,254,0.00637755102040816,97.2
"701","5_270",8,8,1,0.8,254,4,303.8,2,254,6,303.8,0.0032916392363397,49.8
"702","5_272",10,8,0.8,1,109.5,5,254,2.5,156.8,7.5,352,0.00393700787401575,195.2
"703","5_278",10,10,1,1,109.5,5,109.5,2.5,109.5,7.5,156.8,0.0091324200913242,47.3
"704","5_28",10,9,0.9,1,109.5,5,254,2.5,254,7.5,254,0.00393700787401575,0
"705","5_282",9,4,0.444444444444444,0.9,207,4.5,Inf,2.25,493.5,6.75,Inf,0,Inf
"706","5_285",9,9,1,0.9,61.8,4.5,109.5,2.25,109.5,6.75,109.5,0.0091324200913242,0
"707","5_286",10,10,1,1,109.5,5,207,2.5,156.8,7.5,397.5,0.00483091787439614,240.7
"708","5_288",9,9,1,0.9,109.5,4.5,207,2.25,156.8,6.75,303.8,0.00483091787439614,147
"709","5_290",8,0,0,0.8,522,4,Inf,2,Inf,6,Inf,0,NA
"710","5_296",10,10,1,1,109.5,5,109.5,2.5,109.5,7.5,156.8,0.0091324200913242,47.3
"711","5_298",8,8,1,0.8,109.5,4,156.8,2,109.5,6,156.8,0.00637755102040816,47.3
"712","5_299",9,8,0.888888888888889,0.9,109.5,4.5,156.8,2.25,156.8,6.75,254,0.00637755102040816,97.2
"713","5_301",10,9,0.9,1,156.8,5,207,2.5,207,7.5,254,0.00483091787439614,47
"714","5_310",8,8,1,0.8,156.8,4,156.8,2,156.8,6,207,0.00637755102040816,50.2
"715","5_312",10,10,1,1,156.8,5,156.8,2.5,156.8,7.5,156.8,0.00637755102040816,0
"716","5_317",9,8,0.888888888888889,0.9,109.5,4.5,109.5,2.25,109.5,6.75,109.5,0.0091324200913242,0
"717","5_318",9,8,0.888888888888889,0.9,207,4.5,254,2.25,254,6.75,352,0.00393700787401575,98
"718","5_319",8,8,1,0.8,109.5,4,109.5,2,109.5,6,207,0.0091324200913242,97.5
"719","5_32",10,10,1,1,156.8,5,207,2.5,207,7.5,254,0.00483091787439614,47
"720","5_321",8,8,1,0.8,156.8,4,254,2,156.8,6,254,0.00393700787401575,97.2
"721","5_322",9,0,0,0.9,522,4.5,Inf,2.25,Inf,6.75,Inf,0,NA
"722","5_324",9,9,1,0.9,156.8,4.5,207,2.25,207,6.75,352,0.00483091787439614,145
"723","5_34",10,7,0.7,1,156.8,5,303.8,2.5,254,7.5,Inf,0.0032916392363397,Inf
"724","5_37",9,9,1,0.9,109.5,4.5,156.8,2.25,156.8,6.75,207,0.00637755102040816,50.2
"725","5_39",9,9,1,0.9,109.5,4.5,156.8,2.25,156.8,6.75,207,0.00637755102040816,50.2
"726","5_41",10,8,0.8,1,156.8,5,207,2.5,207,7.5,522,0.00483091787439614,315
"727","5_46",10,10,1,1,109.5,5,207,2.5,207,7.5,254,0.00483091787439614,47
"728","5_51",10,9,0.9,1,156.8,5,207,2.5,207,7.5,254,0.00483091787439614,47
"729","5_52",9,9,1,0.9,156.8,4.5,254,2.25,207,6.75,254,0.00393700787401575,47
"730","5_53",8,8,1,0.8,109.5,4,207,2,156.8,6,207,0.00483091787439614,50.2
"731","5_55",9,9,1,0.9,109.5,4.5,109.5,2.25,109.5,6.75,156.8,0.0091324200913242,47.3
"732","5_57",10,10,1,1,207,5,207,2.5,207,7.5,254,0.00483091787439614,47
"733","5_6",9,1,0.111111111111111,0.9,397.5,4.5,Inf,2.25,Inf,6.75,Inf,0,NA
"734","5_60",10,5,0.5,1,207,5,397.5,2.5,352,7.5,Inf,0.00251572327044025,Inf
"735","5_63",10,10,1,1,109.5,5,156.8,2.5,156.8,7.5,156.8,0.00637755102040816,0
"736","5_64",10,10,1,1,207,5,254,2.5,254,7.5,303.8,0.00393700787401575,49.8
"737","5_66",10,10,1,1,61.8,5,61.8,2.5,61.8,7.5,109.5,0.0161812297734628,47.7
"738","5_67",10,2,0.2,1,303.8,5,Inf,2.5,Inf,7.5,Inf,0,NA
"739","5_68",9,6,0.666666666666667,0.9,254,4.5,446,2.25,397.5,6.75,Inf,0.00224215246636771,Inf
"740","5_69",9,9,1,0.9,109.5,4.5,156.8,2.25,156.8,6.75,254,0.00637755102040816,97.2
"741","5_71",9,8,0.888888888888889,0.9,207,4.5,303.8,2.25,254,6.75,446,0.0032916392363397,192
"742","5_76",8,6,0.75,0.8,207,4,254,2,207,6,303.8,0.00393700787401575,96.8
"743","5_8",10,8,0.8,1,207,5,303.8,2.5,254,7.5,352,0.0032916392363397,98
"744","5_80",9,9,1,0.9,61.8,4.5,156.8,2.25,156.8,6.75,156.8,0.00637755102040816,0
"745","5_82",9,9,1,0.9,109.5,4.5,207,2.25,207,6.75,254,0.00483091787439614,47
"746","5_85",8,8,1,0.8,109.5,4,207,2,156.8,6,207,0.00483091787439614,50.2
"747","5_86",9,9,1,0.9,109.5,4.5,156.8,2.25,109.5,6.75,207,0.00637755102040816,97.5
"748","5_9",10,10,1,1,109.5,5,207,2.5,156.8,7.5,254,0.00483091787439614,97.2
"749","5_90",10,10,1,1,109.5,5,109.5,2.5,109.5,7.5,156.8,0.0091324200913242,47.3
"750","5_91",8,8,1,0.8,61.8,4,109.5,2,61.8,6,156.8,0.0091324200913242,95
"751","5_93",9,9,1,0.9,109.5,4.5,109.5,2.25,109.5,6.75,109.5,0.0091324200913242,0
"752","5_99",8,8,1,0.8,156.8,4,207,2,156.8,6,207,0.00483091787439614,50.2
"753","6_10",8,8,1,0.8,168,4,264.1,2,215.7,6,264.1,0.00378644452858766,48.4
"754","6_100",9,8,0.888888888888889,0.9,120,4.5,168,2.25,168,6.75,215.7,0.00595238095238095,47.7
"755","6_111",8,8,1,0.8,168,4,215.7,2,168,6,264.1,0.00463606861381548,96.1
"756","6_118",9,9,1,0.9,72,4.5,120,2.25,120,6.75,168,0.00833333333333333,48
"757","6_12",8,8,1,0.8,215.7,4,264.1,2,215.7,6,264.1,0.00378644452858766,48.4
"758","6_123",9,8,0.888888888888889,0.9,215.7,4.5,360.1,2.25,264.1,6.75,408.1,0.00277700638711469,144
"759","6_127",8,7,0.875,0.8,264.1,4,312,2,312,6,456,0.00320512820512821,144
"760","6_129",8,8,1,0.8,215.7,4,264.1,2,215.7,6,264.1,0.00378644452858766,48.4
"761","6_130",8,1,0.125,0.8,408.1,4,Inf,2,Inf,6,Inf,0,NA
"762","6_135",10,10,1,1,168,5,264.1,2.5,168,7.5,264.1,0.00378644452858766,96.1
"763","6_136",8,8,1,0.8,72,4,120,2,120,6,120,0.00833333333333333,0
"764","6_137",8,8,1,0.8,120,4,168,2,120,6,168,0.00595238095238095,48
"765","6_138",9,9,1,0.9,120,4.5,168,2.25,168,6.75,168,0.00595238095238095,0
"766","6_141",8,7,0.875,0.8,72,4,527.8,2,408.1,6,527.8,0.00189465706707086,119.7
"767","6_143",10,10,1,1,168,5,215.7,2.5,215.7,7.5,264.1,0.00463606861381548,48.4
"768","6_145",9,9,1,0.9,120,4.5,168,2.25,168,6.75,264.1,0.00595238095238095,96.1
"769","6_146",10,10,1,1,72,5,120,2.5,120,7.5,120,0.00833333333333333,0
"770","6_151",9,9,1,0.9,168,4.5,264.1,2.25,215.7,6.75,264.1,0.00378644452858766,48.4
"771","6_152",8,8,1,0.8,120,4,120,2,120,6,168,0.00833333333333333,48
"772","6_153",8,8,1,0.8,168,4,264.1,2,215.7,6,312,0.00378644452858766,96.3
"773","6_154",9,9,1,0.9,72,4.5,168,2.25,120,6.75,168,0.00595238095238095,48
"774","6_155",10,10,1,1,120,5,120,2.5,120,7.5,120,0.00833333333333333,0
"775","6_156",9,9,1,0.9,120,4.5,215.7,2.25,215.7,6.75,215.7,0.00463606861381548,0
"776","6_159",8,8,1,0.8,120,4,120,2,120,6,120,0.00833333333333333,0
"777","6_160",8,3,0.375,0.8,215.7,4,Inf,2,312,6,Inf,0,Inf
"778","6_167",9,9,1,0.9,168,4.5,168,2.25,168,6.75,168,0.00595238095238095,0
"779","6_169",9,9,1,0.9,120,4.5,215.7,2.25,168,6.75,215.7,0.00463606861381548,47.7
"780","6_170",8,7,0.875,0.8,168,4,168,2,168,6,215.7,0.00595238095238095,47.7
"781","6_172",8,8,1,0.8,215.7,4,264.1,2,215.7,6,264.1,0.00378644452858766,48.4
"782","6_177",8,4,0.5,0.8,312,4,312,2,312,6,Inf,0.00320512820512821,Inf
"783","6_183",10,7,0.7,1,168,5,215.7,2.5,168,7.5,Inf,0.00463606861381548,Inf
"784","6_186",8,7,0.875,0.8,168,4,215.7,2,168,6,527.8,0.00463606861381548,359.8
"785","6_191",8,8,1,0.8,168,4,168,2,168,6,215.7,0.00595238095238095,47.7
"786","6_193",10,10,1,1,120,5,120,2.5,120,7.5,168,0.00833333333333333,48
"787","6_196",8,8,1,0.8,72,4,168,2,120,6,168,0.00595238095238095,48
"788","6_20",10,1,0.1,1,312,5,Inf,2.5,Inf,7.5,Inf,0,NA
"789","6_202",8,8,1,0.8,120,4,264.1,2,215.7,6,408.1,0.00378644452858766,192.4
"790","6_203",10,10,1,1,120,5,264.1,2.5,215.7,7.5,312,0.00378644452858766,96.3
"791","6_207",10,5,0.5,1,264.1,5,527.8,2.5,408.1,7.5,Inf,0.00189465706707086,Inf
"792","6_209",8,3,0.375,0.8,264.1,4,Inf,2,360.1,6,Inf,0,Inf
"793","6_212",9,9,1,0.9,168,4.5,168,2.25,168,6.75,168,0.00595238095238095,0
"794","6_214",9,3,0.333333333333333,0.9,264.1,4.5,Inf,2.25,264.1,6.75,Inf,0,Inf
"795","6_217",9,9,1,0.9,72,4.5,120,2.25,120,6.75,120,0.00833333333333333,0
"796","6_220",10,3,0.3,1,168,5,Inf,2.5,360.1,7.5,Inf,0,Inf
"797","6_222",10,10,1,1,120,5,264.1,2.5,168,7.5,264.1,0.00378644452858766,96.1
"798","6_223",8,0,0,0.8,528,4,Inf,2,Inf,6,Inf,0,NA
"799","6_224",8,6,0.75,0.8,120,4,168,2,168,6,264.1,0.00595238095238095,96.1
"800","6_225",10,10,1,1,120,5,168,2.5,168,7.5,168,0.00595238095238095,0
"801","6_229",9,9,1,0.9,72,4.5,120,2.25,120,6.75,120,0.00833333333333333,0
"802","6_23",9,9,1,0.9,120,4.5,264.1,2.25,215.7,6.75,312,0.00378644452858766,96.3
"803","6_234",10,10,1,1,120,5,120,2.5,120,7.5,120,0.00833333333333333,0
"804","6_238",8,7,0.875,0.8,168,4,215.7,2,168,6,215.7,0.00463606861381548,47.7
"805","6_239",8,2,0.25,0.8,215.7,4,Inf,2,527.8,6,Inf,0,Inf
"806","6_240",10,3,0.3,1,360.1,5,Inf,2.5,527.8,7.5,Inf,0,Inf
"807","6_242",8,4,0.5,0.8,264.1,4,312,2,264.1,6,Inf,0.00320512820512821,Inf
"808","6_247",10,8,0.8,1,120,5,168,2.5,120,7.5,215.7,0.00595238095238095,95.7
"809","6_25",8,8,1,0.8,168,4,264.1,2,168,6,312,0.00378644452858766,144
"810","6_252",8,4,0.5,0.8,360.1,4,527.8,2,527.8,6,Inf,0.00189465706707086,Inf
"811","6_256",10,10,1,1,120,5,168,2.5,120,7.5,168,0.00595238095238095,48
"812","6_263",8,8,1,0.8,120,4,120,2,120,6,168,0.00833333333333333,48
"813","6_265",10,10,1,1,168,5,168,2.5,168,7.5,215.7,0.00595238095238095,47.7
"814","6_266",9,7,0.777777777777778,0.9,168,4.5,264.1,2.25,215.7,6.75,527.8,0.00378644452858766,312.1
"815","6_267",8,8,1,0.8,120,4,120,2,120,6,120,0.00833333333333333,0
"816","6_271",9,6,0.666666666666667,0.9,168,4.5,456,2.25,264.1,6.75,Inf,0.00219298245614035,Inf
"817","6_274",8,7,0.875,0.8,168,4,264.1,2,264.1,6,408.1,0.00378644452858766,144
"818","6_275",10,10,1,1,120,5,168,2.5,120,7.5,168,0.00595238095238095,48
"819","6_279",9,3,0.333333333333333,0.9,215.7,4.5,Inf,2.25,264.1,6.75,Inf,0,Inf
"820","6_28",9,9,1,0.9,120,4.5,264.1,2.25,168,6.75,264.1,0.00378644452858766,96.1
"821","6_281",8,8,1,0.8,120,4,264.1,2,120,6,264.1,0.00378644452858766,144.1
"822","6_283",9,9,1,0.9,120,4.5,264.1,2.25,215.7,6.75,312,0.00378644452858766,96.3
"823","6_287",9,9,1,0.9,120,4.5,120,2.25,120,6.75,168,0.00833333333333333,48
"824","6_288",10,10,1,1,120,5,168,2.5,168,7.5,264.1,0.00595238095238095,96.1
"825","6_291",10,10,1,1,120,5,215.7,2.5,120,7.5,264.1,0.00463606861381548,144.1
"826","6_295",8,8,1,0.8,168,4,215.7,2,168,6,264.1,0.00463606861381548,96.1
"827","6_301",8,8,1,0.8,120,4,120,2,120,6,264.1,0.00833333333333333,144.1
"828","6_302",9,6,0.666666666666667,0.9,120,4.5,215.7,2.25,168,6.75,Inf,0.00463606861381548,Inf
"829","6_303",10,4,0.4,1,215.7,5,Inf,2.5,360.1,7.5,Inf,0,Inf
"830","6_307",10,10,1,1,72,5,120,2.5,72,7.5,120,0.00833333333333333,48
"831","6_308",10,10,1,1,168,5,168,2.5,168,7.5,215.7,0.00595238095238095,47.7
"832","6_309",8,8,1,0.8,120,4,168,2,168,6,215.7,0.00595238095238095,47.7
"833","6_310",9,9,1,0.9,168,4.5,264.1,2.25,264.1,6.75,360.1,0.00378644452858766,96
"834","6_311",10,7,0.7,1,527.8,5,527.8,2.5,527.8,7.5,Inf,0.00189465706707086,Inf
"835","6_312",10,10,1,1,120,5,120,2.5,120,7.5,168,0.00833333333333333,48
"836","6_314",9,9,1,0.9,120,4.5,312,2.25,168,6.75,360.1,0.00320512820512821,192.1
"837","6_315",10,10,1,1,168,5,215.7,2.5,215.7,7.5,264.1,0.00463606861381548,48.4
"838","6_316",8,8,1,0.8,168,4,215.7,2,168,6,215.7,0.00463606861381548,47.7
"839","6_317",8,5,0.625,0.8,215.7,4,360.1,2,264.1,6,Inf,0.00277700638711469,Inf
"840","6_32",8,5,0.625,0.8,264.1,4,527.8,2,360.1,6,Inf,0.00189465706707086,Inf
"841","6_322",8,8,1,0.8,120,4,120,2,120,6,120,0.00833333333333333,0
"842","6_34",9,9,1,0.9,120,4.5,120,2.25,120,6.75,120,0.00833333333333333,0
"843","6_41",9,9,1,0.9,120,4.5,215.7,2.25,215.7,6.75,264.1,0.00463606861381548,48.4
"844","6_56",9,9,1,0.9,72,4.5,120,2.25,120,6.75,120,0.00833333333333333,0
"845","6_57",8,8,1,0.8,120,4,120,2,120,6,168,0.00833333333333333,48
"846","6_58",9,9,1,0.9,120,4.5,168,2.25,120,6.75,168,0.00595238095238095,48
"847","6_63",9,5,0.555555555555556,0.9,215.7,4.5,456,2.25,215.7,6.75,Inf,0.00219298245614035,Inf
"848","6_69",8,8,1,0.8,120,4,120,2,120,6,120,0.00833333333333333,0
"849","6_70",10,10,1,1,120,5,168,2.5,168,7.5,215.7,0.00595238095238095,47.7
"850","6_73",9,9,1,0.9,168,4.5,264.1,2.25,215.7,6.75,264.1,0.00378644452858766,48.4
"851","6_76",10,1,0.1,1,264.1,5,Inf,2.5,Inf,7.5,Inf,0,NA
"852","6_86",10,6,0.6,1,168,5,168,2.5,168,7.5,Inf,0.00595238095238095,Inf
"853","6_89",9,6,0.666666666666667,0.9,168,4.5,215.7,2.25,215.7,6.75,Inf,0.00463606861381548,Inf
"854","6_90",8,8,1,0.8,168,4,264.1,2,215.7,6,360.1,0.00378644452858766,144.4
"855","6_93",9,9,1,0.9,120,4.5,168,2.25,168,6.75,168,0.00595238095238095,0
"856","6_97",8,3,0.375,0.8,120,4,Inf,2,120,6,Inf,0,Inf
"857","7_100",8,8,1,0.8,153.8,4,153.8,2,153.8,6,203.7,0.00650195058517555,49.9
"858","7_102",10,10,1,1,203.7,5,253,2.5,203.7,7.5,344.8,0.00395256916996047,141.1
"859","7_106",8,1,0.125,0.8,501,4,Inf,2,Inf,6,Inf,0,NA
"860","7_111",9,9,1,0.9,107.3,4.5,203.7,2.25,203.7,6.75,203.7,0.00490918016691213,0
"861","7_112",9,6,0.666666666666667,0.9,153.8,4.5,203.7,2.25,203.7,6.75,Inf,0.00490918016691213,Inf
"862","7_113",10,10,1,1,203.7,5,253,2.5,203.7,7.5,253,0.00395256916996047,49.3
"863","7_114",9,4,0.444444444444444,0.9,203.7,4.5,Inf,2.25,253,6.75,Inf,0,Inf
"864","7_115",10,10,1,1,153.8,5,153.8,2.5,153.8,7.5,253,0.00650195058517555,99.2
"865","7_118",8,7,0.875,0.8,396,4,445,2,396,6,501,0.00224719101123596,105
"866","7_119",10,10,1,1,153.8,5,203.7,2.5,153.8,7.5,203.7,0.00490918016691213,49.9
"867","7_12",9,9,1,0.9,107.3,4.5,153.8,2.25,107.3,6.75,153.8,0.00650195058517555,46.5
"868","7_122",10,9,0.9,1,107.3,5,298.8,2.5,153.8,7.5,502.8,0.00334672021419009,349
"869","7_124",9,0,0,0.9,503,4.5,Inf,2.25,Inf,6.75,Inf,0,NA
"870","7_129",10,3,0.3,1,253,5,Inf,2.5,396,7.5,Inf,0,Inf
"871","7_133",10,10,1,1,203.7,5,298.8,2.5,253,7.5,344.8,0.00334672021419009,91.8
"872","7_136",10,4,0.4,1,153.8,5,Inf,2.5,203.7,7.5,Inf,0,Inf
"873","7_14",9,9,1,0.9,107.3,4.5,107.3,2.25,107.3,6.75,107.3,0.00931966449207829,0
"874","7_144",10,10,1,1,107.3,5,153.8,2.5,107.3,7.5,203.7,0.00650195058517555,96.4
"875","7_151",8,8,1,0.8,107.3,4,298.8,2,153.8,6,344.8,0.00334672021419009,191
"876","7_157",10,10,1,1,203.7,5,203.7,2.5,203.7,7.5,298.8,0.00490918016691213,95.1
"877","7_158",10,10,1,1,107.3,5,153.8,2.5,153.8,7.5,203.7,0.00650195058517555,49.9
"878","7_161",9,8,0.888888888888889,0.9,203.7,4.5,203.7,2.25,203.7,6.75,253,0.00490918016691213,49.3
"879","7_162",8,1,0.125,0.8,253,4,Inf,2,Inf,6,Inf,0,NA
"880","7_165",9,1,0.111111111111111,0.9,344.8,4.5,Inf,2.25,Inf,6.75,Inf,0,NA
"881","7_166",8,8,1,0.8,107.3,4,107.3,2,107.3,6,253,0.00931966449207829,145.7
"882","7_17",9,7,0.777777777777778,0.9,153.8,4.5,253,2.25,203.7,6.75,501,0.00395256916996047,297.3
"883","7_179",9,9,1,0.9,107.3,4.5,396,2.25,344.8,6.75,396,0.00252525252525253,51.2
"884","7_180",10,10,1,1,107.3,5,153.8,2.5,153.8,7.5,203.7,0.00650195058517555,49.9
"885","7_182",8,6,0.75,0.8,107.3,4,253,2,153.8,6,344.8,0.00395256916996047,191
"886","7_184",9,9,1,0.9,203.7,4.5,203.7,2.25,203.7,6.75,253,0.00490918016691213,49.3
"887","7_186",9,9,1,0.9,107.3,4.5,153.8,2.25,153.8,6.75,203.7,0.00650195058517555,49.9
"888","7_187",9,5,0.555555555555556,0.9,107.3,4.5,445,2.25,153.8,6.75,Inf,0.00224719101123596,Inf
"889","7_195",8,8,1,0.8,107.3,4,153.8,2,153.8,6,203.7,0.00650195058517555,49.9
"890","7_196",10,9,0.9,1,253,5,344.8,2.5,298.8,7.5,344.8,0.00290023201856148,46
"891","7_199",10,0,0,1,503,5,Inf,2.5,Inf,7.5,Inf,0,NA
"892","7_2",9,5,0.555555555555556,0.9,203.7,4.5,501,2.25,344.8,6.75,Inf,0.00199600798403194,Inf
"893","7_202",10,10,1,1,107.3,5,203.7,2.5,153.8,7.5,203.7,0.00490918016691213,49.9
"894","7_206",8,8,1,0.8,107.3,4,107.3,2,107.3,6,107.3,0.00931966449207829,0
"895","7_208",10,6,0.6,1,153.8,5,298.8,2.5,253,7.5,Inf,0.00334672021419009,Inf
"896","7_209",10,10,1,1,107.3,5,107.3,2.5,107.3,7.5,153.8,0.00931966449207829,46.5
"897","7_211",9,5,0.555555555555556,0.9,445,4.5,502.8,2.25,445,6.75,Inf,0.00198886237072395,Inf
"898","7_216",9,9,1,0.9,153.8,4.5,203.7,2.25,153.8,6.75,253,0.00490918016691213,99.2
"899","7_219",8,8,1,0.8,107.3,4,203.7,2,153.8,6,253,0.00490918016691213,99.2
"900","7_22",10,10,1,1,107.3,5,153.8,2.5,107.3,7.5,153.8,0.00650195058517555,46.5
"901","7_220",10,10,1,1,107.3,5,203.7,2.5,107.3,7.5,253,0.00490918016691213,145.7
"902","7_227",8,8,1,0.8,107.3,4,107.3,2,107.3,6,203.7,0.00931966449207829,96.4
"903","7_23",9,1,0.111111111111111,0.9,445,4.5,Inf,2.25,Inf,6.75,Inf,0,NA
"904","7_233",8,8,1,0.8,59.5,4,153.8,2,59.5,6,203.7,0.00650195058517555,144.2
"905","7_25",10,10,1,1,107.3,5,203.7,2.5,153.8,7.5,298.8,0.00490918016691213,145
"906","7_26",10,5,0.5,1,107.3,5,502.8,2.5,153.8,7.5,Inf,0.00198886237072395,Inf
"907","7_27",8,2,0.25,0.8,344.8,4,Inf,2,344.8,6,Inf,0,Inf
"908","7_275",9,0,0,0.9,503,4.5,Inf,2.25,Inf,6.75,Inf,0,NA
"909","7_28",9,9,1,0.9,107.3,4.5,253,2.25,153.8,6.75,253,0.00395256916996047,99.2
"910","7_29",8,6,0.75,0.8,153.8,4,298.8,2,253,6,501,0.00334672021419009,248
"911","7_305",8,0,0,0.8,503,4,Inf,2,Inf,6,Inf,0,NA
"912","7_32",8,2,0.25,0.8,298.8,4,Inf,2,396,6,Inf,0,Inf
"913","7_34",9,8,0.888888888888889,0.9,107.3,4.5,298.8,2.25,298.8,6.75,344.8,0.00334672021419009,46
"914","7_37",10,5,0.5,1,253,5,502.8,2.5,502.8,7.5,Inf,0.00198886237072395,Inf
"915","7_4",8,6,0.75,0.8,153.8,4,298.8,2,253,6,445,0.00334672021419009,192
"916","7_40",9,9,1,0.9,153.8,4.5,253,2.25,203.7,6.75,298.8,0.00395256916996047,95.1
"917","7_43",9,2,0.222222222222222,0.9,203.7,4.5,Inf,2.25,Inf,6.75,Inf,0,NA
"918","7_44",9,9,1,0.9,203.7,4.5,253,2.25,203.7,6.75,298.8,0.00395256916996047,95.1
"919","7_48",10,8,0.8,1,153.8,5,298.8,2.5,253,7.5,445,0.00334672021419009,192
"920","7_5",8,0,0,0.8,503,4,Inf,2,Inf,6,Inf,0,NA
"921","7_50",9,9,1,0.9,153.8,4.5,253,2.25,253,6.75,253,0.00395256916996047,0
"922","7_52",10,6,0.6,1,253,5,445,2.5,344.8,7.5,Inf,0.00224719101123596,Inf
"923","7_55",10,10,1,1,153.8,5,253,2.5,253,7.5,298.8,0.00395256916996047,45.8
"924","7_58",10,7,0.7,1,153.8,5,203.7,2.5,153.8,7.5,Inf,0.00490918016691213,Inf
"925","7_6",10,0,0,1,503,5,Inf,2.5,Inf,7.5,Inf,0,NA
"926","7_65",10,10,1,1,107.3,5,153.8,2.5,107.3,7.5,153.8,0.00650195058517555,46.5
"927","7_66",9,9,1,0.9,203.7,4.5,203.7,2.25,203.7,6.75,253,0.00490918016691213,49.3
"928","7_7",10,1,0.1,1,153.8,5,Inf,2.5,Inf,7.5,Inf,0,NA
"929","7_77",9,9,1,0.9,107.3,4.5,153.8,2.25,153.8,6.75,203.7,0.00650195058517555,49.9
"930","7_78",8,3,0.375,0.8,253,4,Inf,2,253,6,Inf,0,Inf
"931","7_79",10,10,1,1,153.8,5,153.8,2.5,153.8,7.5,253,0.00650195058517555,99.2
"932","7_87",9,9,1,0.9,203.7,4.5,396,2.25,253,6.75,445,0.00252525252525253,192
"933","7_9",8,4,0.5,0.8,253,4,344.8,2,253,6,Inf,0.00290023201856148,Inf
"934","7_95",10,10,1,1,153.8,5,203.7,2.5,153.8,7.5,203.7,0.00490918016691213,49.9
"935","7_96",10,10,1,1,203.7,5,253,2.5,203.7,7.5,298.8,0.00395256916996047,95.1
"936","8_10",8,7,0.875,0.8,163.2,4,211,2,163.2,6,257,0.004739336492891,93.8
"937","8_101",8,8,1,0.8,114.2,4,114.2,2,114.2,6,114.2,0.00875656742556918,0
"938","8_102",10,10,1,1,65.8,5,65.8,2.5,65.8,7.5,114.2,0.0151975683890578,48.4
"939","8_105",10,10,1,1,114.2,5,114.2,2.5,114.2,7.5,163.7,0.00875656742556918,49.5
"940","8_106",8,8,1,0.8,65.8,4,114.2,2,65.8,6,114.2,0.00875656742556918,48.4
"941","8_109",10,9,0.9,1,163.7,5,356.6,2.5,308.5,7.5,404,0.00280426247896803,95.5
"942","8_110",10,10,1,1,114.2,5,163.7,2.5,114.2,7.5,308.5,0.00610873549175321,194.3
"943","8_113",9,3,0.333333333333333,0.9,163.7,4.5,Inf,2.25,308.5,6.75,Inf,0,Inf
"944","8_116",10,9,0.9,1,211,5,258,2.5,258,7.5,258,0.00387596899224806,0
"945","8_118",8,8,1,0.8,114.2,4,211,2,163.7,6,258,0.004739336492891,94.3
"946","8_119",10,8,0.8,1,114.2,5,163.7,2.5,114.2,7.5,453,0.00610873549175321,338.8
"947","8_120",10,10,1,1,114.2,5,114.2,2.5,114.2,7.5,163.7,0.00875656742556918,49.5
"948","8_124",9,9,1,0.9,65.8,4.5,114.2,2.25,65.8,6.75,114.2,0.00875656742556918,48.4
"949","8_127",9,9,1,0.9,114.2,4.5,163.7,2.25,163.7,6.75,163.7,0.00610873549175321,0
"950","8_128",10,6,0.6,1,114.2,5,211,2.5,163.7,7.5,Inf,0.004739336492891,Inf
"951","8_129",8,1,0.125,0.8,258,4,Inf,2,Inf,6,Inf,0,NA
"952","8_133",10,9,0.9,1,114.2,5,163.7,2.5,114.2,7.5,163.7,0.00610873549175321,49.5
"953","8_139",8,8,1,0.8,114.2,4,211,2,163.7,6,211,0.004739336492891,47.3
"954","8_140",10,10,1,1,114.2,5,163.7,2.5,114.2,7.5,163.7,0.00610873549175321,49.5
"955","8_141",8,4,0.5,0.8,258,4,356.6,2,308.5,6,Inf,0.00280426247896803,Inf
"956","8_143",8,3,0.375,0.8,211,4,Inf,2,308.5,6,Inf,0,Inf
"957","8_146",9,9,1,0.9,114.2,4.5,163.7,2.25,114.2,6.75,211,0.00610873549175321,96.8
"958","8_147",8,8,1,0.8,114.2,4,163.7,2,163.7,6,163.7,0.00610873549175321,0
"959","8_149",9,9,1,0.9,114.2,4.5,114.2,2.25,114.2,6.75,114.2,0.00875656742556918,0
"960","8_15",10,10,1,1,114.2,5,211,2.5,163.2,7.5,308.2,0.004739336492891,145
"961","8_151",10,10,1,1,114.2,5,163.7,2.5,114.2,7.5,163.7,0.00610873549175321,49.5
"962","8_153",10,10,1,1,163.7,5,163.7,2.5,163.7,7.5,211,0.00610873549175321,47.3
"963","8_154",10,9,0.9,1,114.2,5,114.2,2.5,114.2,7.5,114.2,0.00875656742556918,0
"964","8_161",9,9,1,0.9,114.2,4.5,114.2,2.25,114.2,6.75,114.2,0.00875656742556918,0
"965","8_167",10,9,0.9,1,163.7,5,211,2.5,163.7,7.5,258,0.004739336492891,94.3
"966","8_17",8,8,1,0.8,163.2,4,257,2,163.2,6,257,0.00389105058365759,93.8
"967","8_173",10,10,1,1,114.2,5,114.2,2.5,114.2,7.5,163.7,0.00875656742556918,49.5
"968","8_175",9,9,1,0.9,114.2,4.5,114.2,2.25,114.2,6.75,114.2,0.00875656742556918,0
"969","8_177",8,8,1,0.8,114.2,4,114.2,2,114.2,6,114.2,0.00875656742556918,0
"970","8_18",10,8,0.8,1,114.2,5,163.2,2.5,163.2,7.5,163.2,0.00612745098039216,0
"971","8_182",10,9,0.9,1,114.2,5,114.2,2.5,114.2,7.5,163.7,0.00875656742556918,49.5
"972","8_183",10,10,1,1,114.2,5,211,2.5,211,7.5,308.5,0.004739336492891,97.5
"973","8_184",10,10,1,1,114.2,5,258,2.5,163.7,7.5,258,0.00387596899224806,94.3
"974","8_185",8,7,0.875,0.8,114.2,4,163.7,2,114.2,6,163.7,0.00610873549175321,49.5
"975","8_186",8,8,1,0.8,114.2,4,163.7,2,114.2,6,258,0.00610873549175321,143.8
"976","8_188",10,10,1,1,114.2,5,114.2,2.5,114.2,7.5,114.2,0.00875656742556918,0
"977","8_2",8,8,1,0.8,114.2,4,211,2,211,6,257,0.004739336492891,46
"978","8_201",10,10,1,1,114.2,5,211,2.5,163.7,7.5,211,0.004739336492891,47.3
"979","8_203",10,10,1,1,211,5,258,2.5,258,7.5,258,0.00387596899224806,0
"980","8_204",10,10,1,1,114.2,5,163.7,2.5,163.7,7.5,163.7,0.00610873549175321,0
"981","8_205",9,9,1,0.9,114.2,4.5,163.7,2.25,163.7,6.75,163.7,0.00610873549175321,0
"982","8_206",10,10,1,1,65.8,5,65.8,2.5,65.8,7.5,114.2,0.0151975683890578,48.4
"983","8_208",10,10,1,1,114.2,5,211,2.5,163.7,7.5,258,0.004739336492891,94.3
"984","8_209",10,5,0.5,1,308.5,5,404,2.5,308.5,7.5,Inf,0.00247524752475248,Inf
"985","8_213",10,10,1,1,65.8,5,114.2,2.5,65.8,7.5,114.2,0.00875656742556918,48.4
"986","8_214",9,9,1,0.9,65.8,4.5,211,2.25,163.7,6.75,211,0.004739336492891,47.3
"987","8_215",10,10,1,1,114.2,5,163.7,2.5,163.7,7.5,163.7,0.00610873549175321,0
"988","8_216",9,7,0.777777777777778,0.9,114.2,4.5,163.7,2.25,163.7,6.75,404,0.00610873549175321,240.3
"989","8_218",10,10,1,1,114.2,5,211,2.5,114.2,7.5,308.5,0.004739336492891,194.3
"990","8_219",10,7,0.7,1,211,5,453,2.5,211,7.5,Inf,0.0022075055187638,Inf
"991","8_22",9,5,0.555555555555556,0.9,211,4.5,257,2.25,211,6.75,Inf,0.00389105058365759,Inf
"992","8_221",10,10,1,1,114.2,5,258,2.5,164,7.5,258,0.00387596899224806,94
"993","8_222",10,10,1,1,114.2,5,211,2.5,114.2,7.5,258,0.004739336492891,143.8
"994","8_224",10,3,0.3,1,308.5,5,Inf,2.5,453,7.5,Inf,0,Inf
"995","8_228",10,6,0.6,1,258,5,404,2.5,356.8,7.5,Inf,0.00247524752475248,Inf
"996","8_231",10,10,1,1,114.2,5,211,2.5,114.2,7.5,258,0.004739336492891,143.8
"997","8_232",10,5,0.5,1,258,5,500,2.5,258,7.5,Inf,0.002,Inf
"998","8_234",10,10,1,1,65.8,5,114.2,2.5,114.2,7.5,164,0.00875656742556918,49.8
"999","8_235",8,8,1,0.8,65.8,4,114.2,2,114.2,6,114.2,0.00875656742556918,0
"1000","8_236",10,10,1,1,114.2,5,164,2.5,164,7.5,164,0.00609756097560976,0
"1001","8_238",10,10,1,1,114.2,5,164,2.5,114.2,7.5,164,0.00609756097560976,49.8
"1002","8_244",9,9,1,0.9,114.2,4.5,258,2.25,258,6.75,308.5,0.00387596899224806,50.5
"1003","8_245",10,10,1,1,114.2,5,164,2.5,114.2,7.5,211,0.00609756097560976,96.8
"1004","8_246",8,5,0.625,0.8,164,4,453,2,404,6,Inf,0.0022075055187638,Inf
"1005","8_249",10,10,1,1,114.2,5,114.2,2.5,114.2,7.5,164,0.00875656742556918,49.8
"1006","8_250",10,3,0.3,1,356.8,5,Inf,2.5,500,7.5,Inf,0,Inf
"1007","8_251",8,8,1,0.8,114.2,4,164,2,114.2,6,211,0.00609756097560976,96.8
"1008","8_252",9,9,1,0.9,114.2,4.5,164,2.25,114.2,6.75,164,0.00609756097560976,49.8
"1009","8_256",10,10,1,1,114.2,5,164,2.5,164,7.5,164,0.00609756097560976,0
"1010","8_258",10,10,1,1,114.2,5,164,2.5,164,7.5,211,0.00609756097560976,47
"1011","8_259",8,8,1,0.8,164,4,258,2,211,6,258,0.00387596899224806,47
"1012","8_26",10,9,0.9,1,211,5,211,2.5,211,7.5,257,0.004739336492891,46
"1013","8_261",10,10,1,1,65.8,5,114.2,2.5,114.2,7.5,114.2,0.00875656742556918,0
"1014","8_263",10,10,1,1,114.2,5,258,2.5,211,7.5,258,0.00387596899224806,47
"1015","8_264",10,10,1,1,114.2,5,211,2.5,164,7.5,211,0.004739336492891,47
"1016","8_266",10,10,1,1,114.2,5,114.2,2.5,114.2,7.5,211,0.00875656742556918,96.8
"1017","8_268",9,9,1,0.9,114.2,4.5,164,2.25,114.2,6.75,164,0.00609756097560976,49.8
"1018","8_269",10,10,1,1,211,5,258,2.5,211,7.5,356.8,0.00387596899224806,145.8
"1019","8_27",10,10,1,1,114.2,5,163.2,2.5,163.2,7.5,257,0.00612745098039216,93.8
"1020","8_270",9,9,1,0.9,114.2,4.5,114.2,2.25,114.2,6.75,114.2,0.00875656742556918,0
"1021","8_272",10,10,1,1,114.2,5,211,2.5,164,7.5,258,0.004739336492891,94
"1022","8_275",10,10,1,1,114.2,5,211,2.5,164,7.5,211,0.004739336492891,47
"1023","8_278",9,9,1,0.9,164,4.5,258,2.25,164,6.75,258,0.00387596899224806,94
"1024","8_279",8,8,1,0.8,114.2,4,164,2,114.2,6,211,0.00609756097560976,96.8
"1025","8_280",10,10,1,1,164,5,211,2.5,164,7.5,258,0.004739336492891,94
"1026","8_281",10,10,1,1,114.2,5,114.2,2.5,114.2,7.5,164,0.00875656742556918,49.8
"1027","8_282",8,2,0.25,0.8,211,4,Inf,2,308.8,6,Inf,0,Inf
"1028","8_286",10,3,0.3,1,258,5,Inf,2.5,500,7.5,Inf,0,Inf
"1029","8_292",10,2,0.2,1,404,5,Inf,2.5,Inf,7.5,Inf,0,NA
"1030","8_294",8,5,0.625,0.8,164,4,258,2,211,6,Inf,0.00387596899224806,Inf
"1031","8_296",9,8,0.888888888888889,0.9,114.2,4.5,211,2.25,164,6.75,211,0.004739336492891,47
"1032","8_3",9,5,0.555555555555556,0.9,308.2,4.5,453,2.25,404,6.75,Inf,0.0022075055187638,Inf
"1033","8_30",8,6,0.75,0.8,211,4,211,2,211,6,257,0.004739336492891,46
"1034","8_300",8,5,0.625,0.8,211,4,404,2,308.8,6,Inf,0.00247524752475248,Inf
"1035","8_303",10,1,0.1,1,453,5,Inf,2.5,Inf,7.5,Inf,0,NA
"1036","8_305",10,8,0.8,1,164,5,258,2.5,211,7.5,453,0.00387596899224806,242
"1037","8_309",9,9,1,0.9,258,4.5,308.8,2.25,308.8,6.75,308.8,0.00323834196891192,0
"1038","8_31",10,10,1,1,114.2,5,163.2,2.5,114.2,7.5,163.2,0.00612745098039216,49
"1039","8_312",9,9,1,0.9,114.2,4.5,164,2.25,164,6.75,164,0.00609756097560976,0
"1040","8_314",9,0,0,0.9,500,4.5,Inf,2.25,Inf,6.75,Inf,0,NA
"1041","8_315",9,2,0.222222222222222,0.9,164,4.5,Inf,2.25,Inf,6.75,Inf,0,NA
"1042","8_317",10,10,1,1,114.2,5,114.2,2.5,114.2,7.5,164,0.00875656742556918,49.8
"1043","8_318",8,8,1,0.8,164,4,258,2,258,6,356.8,0.00387596899224806,98.8
"1044","8_319",10,10,1,1,114.2,5,114.2,2.5,114.2,7.5,164,0.00875656742556918,49.8
"1045","8_320",10,5,0.5,1,211,5,500,2.5,308.8,7.5,Inf,0.002,Inf
"1046","8_322",9,8,0.888888888888889,0.9,114.2,4.5,164,2.25,114.2,6.75,211,0.00609756097560976,96.8
"1047","8_323",9,1,0.111111111111111,0.9,404,4.5,Inf,2.25,Inf,6.75,Inf,0,NA
"1048","8_34",8,3,0.375,0.8,114.2,4,Inf,2,308.2,6,Inf,0,Inf
"1049","8_35",10,10,1,1,163.2,5,211,2.5,163.2,7.5,257,0.004739336492891,93.8
"1050","8_37",9,8,0.888888888888889,0.9,163.5,4.5,211,2.25,211,6.75,211,0.004739336492891,0
"1051","8_40",10,10,1,1,114.2,5,163.5,2.5,163.5,7.5,163.5,0.00611620795107034,0
"1052","8_41",9,9,1,0.9,114.2,4.5,163.5,2.25,114.2,6.75,211,0.00611620795107034,96.8
"1053","8_43",9,8,0.888888888888889,0.9,163.5,4.5,308.2,2.25,163.5,6.75,308.2,0.00324464633354964,144.7
"1054","8_44",10,10,1,1,65.8,5,163.5,2.5,163.5,7.5,163.5,0.00611620795107034,0
"1055","8_47",9,9,1,0.9,114.2,4.5,114.2,2.25,114.2,6.75,114.2,0.00875656742556918,0
"1056","8_49",9,8,0.888888888888889,0.9,114.2,4.5,114.2,2.25,114.2,6.75,114.2,0.00875656742556918,0
"1057","8_5",10,9,0.9,1,65.8,5,114.2,2.5,114.2,7.5,163.2,0.00875656742556918,49
"1058","8_51",10,10,1,1,114.2,5,163.5,2.5,114.2,7.5,257,0.00611620795107034,142.8
"1059","8_52",10,10,1,1,114.2,5,211,2.5,211,7.5,308.2,0.004739336492891,97.2
"1060","8_53",10,2,0.2,1,308.2,5,Inf,2.5,Inf,7.5,Inf,0,NA
"1061","8_54",9,9,1,0.9,163.5,4.5,211,2.25,211,6.75,308.2,0.004739336492891,97.2
"1062","8_55",10,10,1,1,163.5,5,257,2.5,163.5,7.5,356.6,0.00389105058365759,193.1
"1063","8_57",10,10,1,1,163.5,5,211,2.5,163.5,7.5,257,0.004739336492891,93.5
"1064","8_58",10,10,1,1,65.8,5,114.2,2.5,114.2,7.5,114.2,0.00875656742556918,0
"1065","8_60",8,7,0.875,0.8,114.2,4,163.5,2,114.2,6,211,0.00611620795107034,96.8
"1066","8_62",9,9,1,0.9,114.2,4.5,114.2,2.25,114.2,6.75,163.5,0.00875656742556918,49.3
"1067","8_63",10,10,1,1,114.2,5,163.5,2.5,114.2,7.5,163.5,0.00611620795107034,49.3
"1068","8_66",9,7,0.777777777777778,0.9,257,4.5,308.2,2.25,257,6.75,500,0.00324464633354964,243
"1069","8_69",10,8,0.8,1,163.5,5,211,2.5,163.5,7.5,453,0.004739336492891,289.5
"1070","8_7",8,8,1,0.8,114.2,4,163.2,2,163.2,6,163.2,0.00612745098039216,0
"1071","8_70",9,9,1,0.9,114.2,4.5,114.2,2.25,114.2,6.75,163.5,0.00875656742556918,49.3
"1072","8_73",10,9,0.9,1,114.2,5,211,2.5,163.7,7.5,258,0.004739336492891,94.3
"1073","8_74",8,6,0.75,0.8,211,4,308.2,2,258,6,404,0.00324464633354964,146
"1074","8_76",8,8,1,0.8,114.2,4,163.7,2,114.2,6,163.7,0.00610873549175321,49.5
"1075","8_77",10,10,1,1,114.2,5,163.7,2.5,114.2,7.5,258,0.00610873549175321,143.8
"1076","8_82",9,9,1,0.9,114.2,4.5,211,2.25,114.2,6.75,258,0.004739336492891,143.8
"1077","8_86",10,10,1,1,114.2,5,163.7,2.5,114.2,7.5,163.7,0.00610873549175321,49.5
"1078","8_88",10,9,0.9,1,163.7,5,258,2.5,211,7.5,308.2,0.00387596899224806,97.2
"1079","8_89",10,10,1,1,114.2,5,114.2,2.5,114.2,7.5,163.7,0.00875656742556918,49.5
"1080","8_90",10,2,0.2,1,258,5,Inf,2.5,Inf,7.5,Inf,0,NA
"1081","8_92",10,6,0.6,1,114.2,5,211,2.5,163.7,7.5,Inf,0.004739336492891,Inf
"1082","8_93",10,10,1,1,65.8,5,65.8,2.5,65.8,7.5,114.2,0.0151975683890578,48.4
"1083","8_94",8,8,1,0.8,65.8,4,114.2,2,114.2,6,114.2,0.00875656742556918,0
"1084","8_96",8,8,1,0.8,114.2,4,114.2,2,114.2,6,114.2,0.00875656742556918,0
