Rep,Run,Shelf,Plate,Line,Trt,start,end,start.germ,end.germ,germ,start.lost,end.lost,lost,drop,reason
3,5,1,1,188-1,10,109.5,156.75,0,2,2,0,0,0,Y,dry
3,5,1,1,188-1,10,156.75,207,2,4,2,0,0,0,Y,dry
3,5,1,1,188-1,10,207,254,4,7,3,0,0,0,Y,dry
3,5,1,1,188-1,10,254,303.75,7,8,1,0,0,0,Y,dry
3,5,1,1,188-1,10,303.75,352,8,9,1,0,0,0,Y,dry
3,5,1,1,188-1,10,397.5,446,9,9,0,0,1,1,Y,dry
3,5,1,1,188-1,10,446,493.5,9,9,0,1,1,0,Y,dry
3,5,1,2,106-1,15,156.75,207,0,3,3,0,0,0,,
3,5,1,2,106-1,15,254,303.75,3,4,1,0,0,0,,
3,5,1,2,106-1,15,352,397.5,4,6,2,0,0,0,,
3,5,1,2,106-1,15,397.5,446,6,7,1,0,1,1,,
3,5,1,2,106-1,15,446,493.5,7,7,0,1,1,0,,
3,1,1,2,106-1,15,493.5,522,7,7,0,1,1,0,,
5,5,1,2,106-1,15,522,Inf,7,8,1,1,2,1,,
3,5,1,3,182-1,0,156.75,207,0,1,1,0,0,0,,
3,5,1,3,182-1,0,254,303.75,1,2,1,0,0,0,,
5,5,1,3,182-1,0,522,Inf,2,6,4,0,4,4,,
3,5,1,6,185-2,15,352,397.5,0,1,1,0,0,0,,
5,5,1,6,185-2,15,522,Inf,1,9,8,0,1,1,,
3,5,1,7,142-2,20,207,254,0,1,1,0,3,3,Y,disease
3,5,1,7,142-2,20,254,303.75,1,2,1,3,3,0,Y,disease
3,5,1,7,142-2,20,303.75,352,2,2,0,3,5,2,Y,disease
3,5,1,7,142-2,20,352,397.5,2,2,0,5,7,2,Y,disease
3,5,1,7,142-2,20,397.5,446,2,2,0,7,7,0,Y,disease
3,5,1,7,142-2,20,446,493.5,2,2,0,7,7,0,Y,disease
3,1,1,7,142-2,20,493.5,522,2,3,1,7,7,0,Y,disease
5,5,1,7,142-2,20,522,Inf,3,3,0,7,7,0,,
3,5,1,8,204-2,0,156.75,207,0,2,2,0,0,0,,
3,5,1,8,204-2,0,207,254,2,4,2,0,0,0,,
3,5,1,8,204-2,0,254,303.75,4,7,3,0,0,0,,
3,5,1,8,204-2,0,303.75,352,7,8,1,0,0,0,,
5,5,1,8,204-2,0,522,Inf,8,10,2,0,0,0,,
3,5,1,9,100-1,10,61.75,109.5,0,2,2,0,0,0,,
3,5,1,9,100-1,10,109.5,156.75,2,3,1,0,0,0,,
3,5,1,9,100-1,10,156.75,207,3,7,4,0,0,0,,
3,5,1,9,100-1,10,207,254,7,9,2,0,0,0,,
3,5,1,9,100-1,10,254,303.75,9,10,1,0,0,0,,
3,5,1,10,188-1,15,156.75,207,0,2,2,0,0,0,,
3,5,1,10,188-1,15,207,254,2,4,2,0,0,0,,
3,5,1,10,188-1,15,254,303.75,4,6,2,0,0,0,,
3,5,1,10,188-1,15,303.75,352,6,7,1,0,0,0,,
3,5,1,10,188-1,15,446,493.5,7,8,1,0,0,0,,
5,5,1,10,188-1,15,522,Inf,8,10,2,0,0,0,,
3,5,1,12,134-2,0,109.5,156.75,0,3,3,0,0,0,Y,dry
3,5,1,12,134-2,0,156.75,207,3,5,2,0,0,0,Y,dry
3,5,1,12,134-2,0,207,254,5,6,1,0,0,0,Y,dry
3,5,1,12,134-2,0,254,303.75,6,7,1,0,0,0,Y,dry
3,5,1,12,134-2,0,352,397.5,7,8,1,0,0,0,Y,dry
5,5,1,12,134-2,0,522,Inf,8,8,0,0,2,2,,
3,5,1,13,Johnny's,0,254,303.75,0,1,1,0,0,0,Y,disease
3,5,1,13,Johnny's,0,303.75,352,1,3,2,0,5,5,Y,disease
3,5,1,13,Johnny's,0,352,397.5,3,3,0,5,5,0,Y,disease
3,5,1,13,Johnny's,0,397.5,446,3,4,1,5,5,0,Y,disease
3,5,1,13,Johnny's,0,446,493.5,4,4,0,5,6,1,Y,disease
3,5,1,14,137-1,0,0,61.75,0,1,1,0,0,0,,
3,5,1,14,137-1,0,61.75,109.5,1,5,4,0,0,0,,
3,1,1,14,137-1,0,493.5,522,5,8,3,0,0,0,,
5,5,1,14,137-1,0,522,Inf,8,8,0,0,2,2,,
3,5,1,15,107-1,15,156.75,207,0,5,5,0,0,0,,
3,5,1,15,107-1,15,207,254,5,9,4,0,0,0,,
3,5,1,15,107-1,15,254,303.75,9,10,1,0,0,0,,
3,5,1,16,Johnny's,10,156.75,207,0,2,2,0,0,0,,
3,5,1,16,Johnny's,10,207,254,2,4,2,0,0,0,,
3,5,1,16,Johnny's,10,254,303.75,4,5,1,0,0,0,,
3,5,1,16,Johnny's,10,303.75,352,5,6,1,0,0,0,,
3,5,1,16,Johnny's,10,352,397.5,6,7,1,0,0,0,,
3,5,1,16,Johnny's,10,397.5,446,7,7,0,0,0,0,,
5,5,1,16,Johnny's,10,522,Inf,7,8,1,0,2,2,,
3,5,1,17,177-1,0,61.75,109.5,0,1,1,0,0,0,,
3,5,1,17,177-1,0,109.5,156.75,1,3,2,0,0,0,,
3,5,1,17,177-1,0,207,254,3,4,1,0,0,0,,
5,5,1,17,177-1,0,522,Inf,4,4,0,0,6,6,,
3,5,1,18,204-2,15,207,254,0,1,1,0,0,0,,
3,5,1,18,204-2,15,254,303.75,1,3,2,0,1,1,,
5,5,1,18,204-2,15,522,Inf,3,9,6,1,1,0,,
3,5,1,19,156-2,0,156.75,207,0,3,3,0,0,0,,
3,5,1,19,156-2,0,207,254,3,4,1,0,0,0,,
3,5,1,19,156-2,0,254,303.75,4,6,2,0,0,0,,
3,5,1,19,156-2,0,303.75,352,6,8,2,0,0,0,,
3,5,1,19,156-2,0,397.5,446,0,7,7,0,0,0,,
3,5,1,19,156-2,0,446,493.5,7,8,1,0,0,0,,
3,1,1,19,156-2,0,493.5,522,8,9,1,0,0,0,,
5,5,1,19,156-2,0,522,Inf,9,9,0,0,1,1,,
3,5,1,20,173-2,0,156.75,207,0,1,1,0,0,0,,
3,5,1,20,173-2,0,254,303.75,1,2,1,0,0,0,,
5,5,1,20,173-2,0,522,Inf,2,5,3,0,5,5,,
3,5,1,21,118-2,15,61.75,109.5,0,2,2,0,0,0,,
3,5,1,21,118-2,15,109.5,156.75,2,5,3,0,0,0,,
3,5,1,21,118-2,15,207,254,5,9,4,0,0,0,,
3,5,1,21,118-2,15,254,303.75,9,10,1,0,0,0,,
3,5,1,22,174-2,20,109.5,156.75,0,1,1,0,0,0,Y,dry
3,5,1,22,174-2,20,156.75,207,1,3,2,0,0,0,Y,dry
3,5,1,22,174-2,20,207,254,3,4,1,0,1,1,Y,dry
3,5,1,22,174-2,20,254,303.75,4,4,0,1,1,0,Y,dry
3,5,1,22,174-2,20,303.75,352,4,5,1,1,1,0,Y,dry
3,5,1,22,174-2,20,352,397.5,5,5,0,1,2,1,Y,dry
3,5,1,22,174-2,20,397.5,446,5,6,1,2,2,0,Y,dry
3,5,1,22,174-2,20,446,493.5,6,6,0,2,2,0,Y,dry
3,1,1,22,174-2,20,493.5,522,6,6,0,2,2,0,Y,dry
5,5,1,22,174-2,20,522,Inf,6,7,1,2,3,1,,
3,5,1,23,164-2,20,303.75,352,0,0,0,0,1,1,Y,disease
3,5,1,23,164-2,20,352,397.5,0,0,0,1,3,2,Y,disease
3,1,1,23,164-2,20,493.5,522,0,0,0,3,4,1,Y,disease
5,5,1,23,164-2,20,522,Inf,0,0,0,4,10,6,,
3,5,1,24,133-1,0,109.5,156.75,0,1,1,0,0,0,Y,disease
3,5,1,24,133-1,0,156.75,207,1,2,1,0,0,0,Y,disease
3,5,1,24,133-1,0,207,254,2,2,0,0,4,4,Y,disease
3,5,1,24,133-1,0,254,303.75,2,2,0,4,5,1,Y,disease
3,5,1,24,133-1,0,303.75,352,2,2,0,5,5,0,Y,disease
3,5,1,24,133-1,0,352,397.5,2,2,0,5,5,0,Y,disease
3,5,1,25,125-1,0,156.75,207,0,4,4,0,0,0,,
3,5,1,25,125-1,0,207,254,4,6,2,0,1,1,,
3,5,1,25,125-1,0,254,303.75,6,7,1,1,1,0,,
3,5,1,25,125-1,0,303.75,352,7,7,0,1,1,0,,
3,5,1,25,125-1,0,352,397.5,7,7,0,1,2,1,,
3,5,1,25,125-1,0,397.5,446,7,7,0,2,2,0,,
3,5,1,25,125-1,0,446,493.5,7,7,0,2,2,0,,
3,1,1,25,125-1,0,493.5,522,7,7,0,2,2,0,,
5,5,1,25,125-1,0,522,Inf,7,8,1,2,2,0,,
3,5,1,26,213-2,20,109.5,156.75,0,4,4,0,0,0,,
3,5,1,26,213-2,20,156.75,207,4,7,3,0,0,0,,
3,5,1,26,213-2,20,254,303.75,7,9,2,0,0,0,,
5,5,1,26,213-2,20,522,Inf,9,9,0,0,1,1,,
3,5,1,27,173-1,20,109.5,156.75,0,2,2,0,0,0,Y,disease
3,5,1,27,173-1,20,156.75,207,2,3,1,0,0,0,Y,disease
3,5,1,27,173-1,20,207,254,3,3,0,0,5,5,Y,disease
3,5,1,27,173-1,20,254,303.75,3,3,0,5,5,0,Y,disease
3,5,1,27,173-1,20,303.75,352,3,3,0,5,7,2,Y,disease
3,5,1,27,173-1,20,352,397.5,3,3,0,7,7,0,Y,disease
3,5,1,27,173-1,20,397.5,446,3,3,0,7,7,0,Y,disease
3,5,1,27,173-1,20,446,493.5,3,3,0,7,7,0,Y,disease
3,5,1,28,156-2,10,61.75,109.5,0,1,1,0,0,0,,
3,5,1,28,156-2,10,207,254,1,8,7,0,0,0,,
3,5,1,28,156-2,10,352,397.5,8,9,1,0,0,0,,
5,5,1,28,156-2,10,522,Inf,9,10,1,0,0,0,,
3,5,1,29,174-1,10,61.75,109.5,0,3,3,0,0,0,,
3,5,1,29,174-1,10,109.5,156.75,3,7,4,0,0,0,,
3,5,1,29,174-1,10,156.75,207,7,7,0,0,0,0,,
3,5,1,29,174-1,10,207,254,7,7,0,0,0,0,,
3,5,1,29,174-1,10,254,303.75,7,7,0,0,0,0,,
3,5,1,29,174-1,10,303.75,352,7,7,0,0,0,0,,
5,5,1,29,174-1,10,522,Inf,7,7,0,0,3,3,,
3,5,1,32,100-1,0,109.5,156.75,0,1,1,0,0,0,,
3,5,1,32,100-1,0,156.75,207,1,6,5,0,0,0,,
3,5,1,32,100-1,0,207,254,6,8,2,0,0,0,,
3,5,1,32,100-1,0,254,303.75,8,9,1,0,0,0,,
3,5,1,32,100-1,0,303.75,352,9,10,1,0,0,0,,
3,5,1,33,135-2,10,61.75,109.5,0,2,2,0,0,0,,
3,5,1,33,135-2,10,109.5,156.75,2,3,1,0,0,0,,
5,5,1,33,135-2,10,522,Inf,3,3,0,0,7,7,,
3,5,1,34,191-2,20,109.5,156.75,0,1,1,0,0,0,,
3,5,1,34,191-2,20,207,254,1,3,2,0,0,0,,
3,5,1,34,191-2,20,254,303.75,3,6,3,0,0,0,,
3,5,1,34,191-2,20,352,397.5,6,7,1,0,0,0,,
5,5,1,34,191-2,20,522,Inf,7,10,3,0,0,0,,
3,5,1,35,164-1,10,61.75,109.5,0,1,1,0,0,0,,
3,5,1,35,164-1,10,109.5,156.75,1,3,2,0,0,0,,
3,5,1,35,164-1,10,156.75,207,3,5,2,0,0,0,,
3,5,1,35,164-1,10,207,254,5,6,1,0,0,0,,
5,5,1,35,164-1,10,522,Inf,6,6,0,0,4,4,,
3,5,1,36,91-1,0,61.75,109.5,0,1,1,0,0,0,,
3,5,1,36,91-1,0,109.5,156.75,1,2,1,0,0,0,,
3,5,1,36,91-1,0,156.75,207,2,4,2,0,0,0,,
3,5,1,36,91-1,0,207,254,4,5,1,0,0,0,,
3,5,1,36,91-1,0,303.75,352,5,6,1,0,0,0,,
3,1,1,36,91-1,0,493.5,522,6,7,1,0,0,0,,
5,5,1,36,91-1,0,522,Inf,7,7,0,0,3,3,,
3,5,2,37,118-1,15,61.75,109.5,0,2,2,0,0,0,,
3,5,2,37,118-1,15,109.5,156.75,2,6,4,0,0,0,,
3,5,2,37,118-1,15,156.75,207,6,8,2,0,0,0,,
3,5,2,37,118-1,15,207,254,8,9,1,0,0,0,,
3,5,2,37,118-1,15,352,397.5,9,9,0,0,1,1,,
3,5,2,37,118-1,15,397.5,446,9,9,0,1,1,0,,
3,5,2,37,118-1,15,446,493.5,9,9,0,1,1,0,,
3,5,2,38,148-2,0,61.75,109.5,0,2,2,0,0,0,Y,disease
3,5,2,38,148-2,0,109.5,156.75,2,4,2,0,0,0,Y,disease
3,5,2,38,148-2,0,156.75,207,4,5,1,0,0,0,Y,disease
3,5,2,38,148-2,0,254,303.75,5,5,0,0,5,5,Y,disease
3,5,2,38,148-2,0,303.75,352,5,5,0,5,5,0,Y,disease
3,5,2,38,148-2,0,352,397.5,5,5,0,5,5,0,Y,disease
3,5,2,38,148-2,0,397.5,446,5,5,0,5,5,0,Y,disease
3,5,2,38,148-2,0,446,493.5,5,5,0,5,5,0,Y,disease
3,5,2,39,213-2,15,61.75,109.5,0,1,1,0,0,0,,
3,5,2,39,213-2,15,109.5,156.75,1,6,5,0,0,0,,
3,5,2,39,213-2,15,156.75,207,6,9,3,0,0,0,,
3,5,2,39,213-2,15,352,397.5,9,9,0,0,1,1,,
3,5,2,39,213-2,15,397.5,446,9,9,0,1,1,0,,
3,5,2,39,213-2,15,446,493.5,9,9,0,1,1,0,,
3,5,2,40,169-2,20,109.5,156.75,0,1,1,0,0,0,Y,disease
3,5,2,40,169-2,20,156.75,207,1,4,3,0,0,0,Y,disease
3,5,2,40,169-2,20,207,254,4,4,0,0,2,2,Y,disease
3,5,2,40,169-2,20,254,303.75,4,4,0,2,3,1,Y,disease
3,5,2,40,169-2,20,303.75,352,4,4,0,3,4,1,Y,disease
3,5,2,40,169-2,20,352,397.5,4,4,0,4,6,2,Y,disease
3,5,2,40,169-2,20,397.5,446,4,4,0,6,6,0,Y,disease
3,5,2,40,169-2,20,446,493.5,4,4,0,6,6,0,Y,disease
3,5,2,41,91-1,15,109.5,156.75,0,2,2,0,0,0,,
3,5,2,41,91-1,15,156.75,207,2,5,3,0,0,0,,
3,5,2,41,91-1,15,207,254,5,6,1,0,0,0,,
3,1,2,41,91-1,15,493.5,522,6,8,2,0,0,0,,
5,5,2,41,91-1,15,522,Inf,8,10,2,0,0,0,,
3,5,2,42,139-2,15,61.75,109.5,0,1,1,0,0,0,,
3,5,2,42,139-2,15,109.5,156.75,1,3,2,0,0,0,,
3,5,2,42,139-2,15,156.75,207,3,5,2,0,0,0,,
5,5,2,42,139-2,15,522,Inf,5,6,1,0,4,4,,
3,5,2,44,130-2,0,61.75,109.5,0,2,2,0,0,0,,
3,5,2,44,130-2,0,156.75,207,2,3,1,0,0,0,,
5,5,2,44,130-2,0,522,Inf,3,3,0,0,7,7,,
3,5,2,45,133-1,10,61.75,109.5,0,1,1,0,0,0,,
3,5,2,45,133-1,10,109.5,156.75,1,2,1,0,0,0,,
3,5,2,45,133-1,10,156.75,207,2,3,1,0,0,0,,
5,5,2,45,133-1,10,522,Inf,3,4,1,0,6,6,,
3,5,2,46,91-1,10,61.75,109.5,0,2,2,0,0,0,,
3,5,2,46,91-1,10,156.75,207,2,5,3,0,0,0,,
3,5,2,46,91-1,10,207,254,5,8,3,0,0,0,,
3,5,2,46,91-1,10,254,303.75,8,9,1,0,0,0,,
3,5,2,46,91-1,10,352,397.5,9,10,1,0,0,0,,
3,5,2,48,107-1,20,156.75,207,0,1,1,0,0,0,Y,disease
3,5,2,48,107-1,20,207,254,1,4,3,0,1,1,Y,disease
3,5,2,48,107-1,20,254,303.75,4,4,0,1,2,1,Y,disease
3,5,2,48,107-1,20,303.75,352,4,5,1,2,4,2,Y,disease
3,5,2,48,107-1,20,352,397.5,5,5,0,4,4,0,Y,disease
3,5,2,48,107-1,20,397.5,446,5,5,0,4,4,0,Y,disease
3,5,2,48,107-1,20,446,493.5,5,5,0,4,4,0,Y,disease
5,5,2,48,107-1,20,522,Inf,5,5,0,4,4,0,,
3,5,2,49,76-1,0,0,61.75,0,2,2,0,0,0,,
3,5,2,49,76-1,0,61.75,109.5,2,6,4,0,0,0,,
3,5,2,49,76-1,0,156.75,207,6,7,1,0,0,0,,
5,5,2,49,76-1,0,522,Inf,7,7,0,0,3,3,,
3,5,2,51,185-2,10,109.5,156.75,0,2,2,0,0,0,,
3,5,2,51,185-2,10,156.75,207,2,6,4,0,0,0,,
3,5,2,51,185-2,10,207,254,6,9,3,0,0,0,,
5,5,2,51,185-2,10,522,Inf,9,10,1,0,0,0,,
3,5,2,52,191-2,15,109.5,156.75,0,1,1,0,0,0,,
3,5,2,52,191-2,15,156.75,207,1,4,3,0,0,0,,
3,5,2,52,191-2,15,207,254,4,7,3,0,1,1,,
3,5,2,52,191-2,15,254,303.75,7,9,2,1,1,0,,
3,5,2,52,191-2,15,303.75,352,9,9,0,1,1,0,,
3,5,2,52,191-2,15,352,397.5,9,9,0,1,1,0,,
3,5,2,52,191-2,15,397.5,446,9,9,0,1,1,0,,
3,5,2,52,191-2,15,446,493.5,9,9,0,1,1,0,,
3,5,2,53,134-2,15,61.75,109.5,0,1,1,0,0,0,,
3,5,2,53,134-2,15,109.5,156.75,1,3,2,0,0,0,,
3,5,2,53,134-2,15,156.75,207,3,6,3,0,0,0,,
3,5,2,53,134-2,15,207,254,6,8,2,0,0,0,,
5,5,2,53,134-2,15,522,Inf,8,8,0,0,2,2,,
3,5,2,54,139-2,10,61.75,109.5,0,2,2,0,0,0,,
3,5,2,54,139-2,10,109.5,156.75,2,3,1,0,0,0,,
3,5,2,54,139-2,10,156.75,207,3,5,2,0,0,0,,
3,5,2,54,139-2,10,207,254,5,7,2,0,0,0,,
5,5,2,54,139-2,10,522,Inf,7,7,0,0,3,3,,
3,5,2,55,98-2,0,61.75,109.5,0,5,5,0,0,0,,
3,5,2,55,98-2,0,109.5,156.75,5,9,4,0,0,0,,
3,5,2,55,98-2,0,207,254,9,9,0,0,1,1,,
3,5,2,55,98-2,0,254,303.75,9,9,0,1,1,0,,
3,5,2,55,98-2,0,303.75,352,9,9,0,1,1,0,,
3,5,2,55,98-2,0,352,397.5,9,9,0,1,1,0,,
3,5,2,55,98-2,0,397.5,446,9,9,0,1,1,0,,
3,5,2,55,98-2,0,446,493.5,9,9,0,1,1,0,,
3,5,2,56,151-2,15,156.75,207,0,1,1,0,0,0,,
3,5,2,56,151-2,15,207,254,1,2,1,0,0,0,,
5,5,2,56,151-2,15,522,Inf,2,3,1,0,7,7,,
3,5,2,57,118-1,20,156.75,207,0,7,7,0,0,0,,
3,5,2,57,118-1,20,207,254,7,8,1,0,0,0,,
3,5,2,57,118-1,20,352,397.5,8,9,1,0,0,0,,
3,5,2,57,118-1,20,397.5,446,9,10,1,0,0,0,,
3,5,2,58,148-2,15,109.5,156.75,0,3,3,0,0,0,Y,disease
3,5,2,58,148-2,15,156.75,207,3,5,2,0,0,0,Y,disease
3,5,2,58,148-2,15,254,303.75,5,5,0,0,0,0,Y,disease
3,5,2,58,148-2,15,303.75,352,5,5,0,0,0,0,Y,disease
3,5,2,58,148-2,15,352,397.5,5,5,0,0,3,3,Y,disease
3,5,2,58,148-2,15,397.5,446,5,5,0,3,3,0,Y,disease
3,5,2,58,148-2,15,446,493.5,5,5,0,3,3,0,Y,disease
5,5,2,58,148-2,15,522,Inf,5,6,1,3,4,1,,
3,5,2,59,149-2,10,156.75,207,0,1,1,0,0,0,,
3,5,2,59,149-2,10,207,254,1,2,1,0,0,0,,
3,5,2,59,149-2,10,254,303.75,2,3,1,0,0,0,,
3,5,2,59,149-2,10,303.75,352,3,3,0,0,3,3,Y,disease
3,5,2,59,149-2,10,352,397.5,3,3,0,3,6,3,Y,disease
5,5,2,59,149-2,10,522,Inf,3,4,1,6,6,0,,
3,5,2,60,208-2,20,156.75,207,0,1,1,0,0,0,,
3,5,2,60,208-2,20,207,254,1,2,1,0,0,0,,
3,5,2,60,208-2,20,303.75,352,2,3,1,0,0,0,,
3,5,2,60,208-2,20,352,397.5,3,5,2,0,0,0,,
5,5,2,60,208-2,20,522,Inf,5,10,5,0,0,0,,
3,5,2,63,149-1,0,61.75,109.5,0,2,2,0,0,0,,
3,5,2,63,149-1,0,109.5,156.75,2,10,8,0,0,0,,
3,5,2,64,179-1,10,156.75,207,0,1,1,0,0,0,,
3,5,2,64,179-1,10,207,254,1,7,6,0,0,0,,
3,5,2,64,179-1,10,254,303.75,7,9,2,0,0,0,,
3,5,2,64,179-1,10,303.75,352,9,10,1,0,0,0,,
3,5,2,65,151-2,20,109.5,156.75,0,0,0,0,1,1,,
3,5,2,65,151-2,20,156.75,207,0,0,0,1,1,0,,
3,5,2,65,151-2,20,207,254,0,0,0,1,1,0,,
3,5,2,65,151-2,20,254,303.75,0,0,0,1,1,0,,
3,5,2,65,151-2,20,303.75,352,0,0,0,1,1,0,,
3,5,2,65,151-2,20,352,397.5,0,0,0,1,4,3,Y,disease
3,5,2,65,151-2,20,397.5,446,0,0,0,4,4,0,Y,disease
3,5,2,65,151-2,20,446,493.5,0,0,0,4,4,0,Y,disease
3,1,2,65,151-2,20,493.5,522,0,0,0,4,4,0,Y,disease
5,5,2,65,151-2,20,522,Inf,0,1,1,4,9,5,,
3,5,2,66,98-2,10,0,61.75,0,6,6,0,0,0,,
3,5,2,66,98-2,10,61.75,109.5,6,8,2,0,0,0,,
3,5,2,66,98-2,10,109.5,156.75,8,10,2,0,0,0,,
3,5,2,67,104-1,20,254,303.75,0,2,2,0,0,0,,
3,5,2,67,104-1,20,352,397.5,2,2,0,0,0,0,,
3,5,2,67,104-1,20,397.5,446,2,2,0,0,0,0,,
3,5,2,67,104-1,20,446,493.5,2,2,0,0,0,0,,
5,5,2,67,104-1,20,522,Inf,2,10,8,0,0,0,,
3,5,2,68,126-2,15,207,254,0,1,1,0,0,0,,
3,5,2,68,126-2,15,303.75,352,1,2,1,0,0,0,,
3,5,2,68,126-2,15,352,397.5,2,4,2,0,0,0,,
3,5,2,68,126-2,15,397.5,446,4,5,1,0,0,0,,
3,1,2,68,126-2,15,493.5,522,5,6,1,0,0,0,,
5,5,2,68,126-2,15,522,Inf,6,9,3,0,1,1,,
3,5,2,69,168-2,15,61.75,109.5,0,1,1,0,0,0,,
3,5,2,69,168-2,15,109.5,156.75,1,6,5,0,0,0,,
3,5,2,69,168-2,15,156.75,207,0,5,5,0,0,0,,
3,5,2,69,168-2,15,207,254,5,9,4,0,0,0,,
3,5,2,69,168-2,15,397.5,446,9,9,0,0,1,1,,
3,5,2,69,168-2,15,446,493.5,9,9,0,1,1,0,,
3,5,2,70,191-2,0,156.75,207,0,1,1,0,0,0,,
3,5,2,70,191-2,0,207,254,1,3,2,0,0,0,,
3,5,2,70,191-2,0,303.75,352,3,4,1,0,0,0,,
3,5,2,70,191-2,0,397.5,446,4,4,0,0,1,1,,
3,5,2,70,191-2,0,446,493.5,4,4,0,1,1,0,,
5,5,2,70,191-2,0,522,Inf,4,6,2,1,4,3,,
3,5,2,71,208-2,15,156.75,207,0,2,2,0,0,0,,
3,5,2,71,208-2,15,207,254,2,4,2,0,0,0,,
3,5,2,71,208-2,15,254,303.75,4,5,1,0,0,0,,
3,5,2,71,208-2,15,303.75,352,5,6,1,0,0,0,,
3,5,2,71,208-2,15,397.5,446,6,8,2,0,1,1,,
3,5,2,71,208-2,15,446,493.5,8,8,0,1,1,0,,
5,5,2,71,208-2,15,522,Inf,8,9,1,1,1,0,,
3,5,2,72,148-1,10,156.75,207,0,2,2,0,0,0,,
3,5,2,72,148-1,10,207,254,2,3,1,0,2,2,,
3,5,2,72,148-1,10,254,303.75,3,3,0,2,2,0,,
3,5,2,72,148-1,10,303.75,352,3,3,0,2,2,0,,
3,5,2,72,148-1,10,352,397.5,3,3,0,2,3,1,Y,disease
3,5,2,72,148-1,10,397.5,446,3,3,0,3,5,2,Y,disease
3,5,2,72,148-1,10,446,493.5,3,3,0,5,5,0,Y,disease
5,5,2,72,148-1,10,522,Inf,3,3,0,5,7,2,,
3,5,3,74,Johnny's,15,207,254,0,1,1,0,1,1,,
3,5,3,74,Johnny's,15,254,303.75,1,3,2,1,1,0,,
3,5,3,74,Johnny's,15,303.75,352,3,3,0,1,2,1,,
3,5,3,74,Johnny's,15,352,397.5,3,3,0,2,5,3,Y,disease
3,5,3,74,Johnny's,15,397.5,446,3,3,0,5,5,0,Y,disease
5,5,3,74,Johnny's,15,522,Inf,3,5,2,5,5,0,Y,1 data point
3,5,3,75,164-2,15,303.75,352,0,1,1,0,4,4,Y,disease
3,5,3,76,75-1,20,156.75,207,0,2,2,0,0,0,,
3,5,3,76,75-1,20,207,254,2,5,3,0,1,1,,
3,5,3,76,75-1,20,254,303.75,5,6,1,1,1,0,,
3,5,3,76,75-1,20,352,397.5,6,6,0,1,1,0,,
3,5,3,76,75-1,20,397.5,446,6,6,0,1,2,1,,
3,1,3,76,75-1,20,493.5,522,6,6,0,2,2,0,,
5,5,3,76,75-1,20,522,Inf,6,8,2,2,2,0,,
3,5,3,77,164-1,20,109.5,156.75,0,1,1,0,0,0,,
3,5,3,77,164-1,20,156.75,207,1,6,5,0,0,0,,
3,5,3,77,164-1,20,207,254,6,7,1,0,0,0,,
3,5,3,77,164-1,20,303.75,352,7,7,0,0,3,3,,
3,5,3,77,164-1,20,352,397.5,7,7,0,3,3,0,,
3,5,3,77,164-1,20,397.5,446,7,7,0,3,3,0,,
3,5,3,78,215-2,10,61.75,109.5,0,1,1,0,0,0,,
3,5,3,78,215-2,10,109.5,156.75,1,2,1,0,0,0,,
3,5,3,78,215-2,10,207,254,2,2,0,0,4,4,Y,disease
3,5,3,78,215-2,10,254,303.75,2,2,0,4,4,0,Y,disease
3,5,3,78,215-2,10,303.75,352,2,2,0,4,8,4,Y,disease
3,5,3,78,215-2,10,352,397.5,2,2,0,8,8,0,Y,disease
3,5,3,78,215-2,10,397.5,446,2,2,0,8,8,0,Y,disease
3,5,3,79,133-1,15,109.5,156.75,0,1,1,0,0,0,,
3,5,3,79,133-1,15,156.75,207,1,3,2,0,0,0,,
3,5,3,79,133-1,15,303.75,352,3,3,0,0,5,5,Y,disease
3,5,3,79,133-1,15,352,397.5,3,3,0,5,7,2,Y,disease
3,5,3,79,133-1,15,397.5,446,3,3,0,7,7,0,Y,disease
3,5,3,80,77-2,0,0,61.75,0,1,1,0,0,0,,
3,5,3,80,77-2,0,61.75,109.5,1,2,1,0,0,0,,
3,5,3,80,77-2,0,109.5,156.75,2,8,6,0,0,0,,
3,5,3,80,77-2,0,156.75,207,8,9,1,0,0,0,,
5,5,3,80,77-2,0,522,Inf,9,9,0,0,1,1,,
3,5,3,81,177-2,10,61.75,109.5,0,3,3,0,0,0,,
3,5,3,81,177-2,10,109.5,156.75,3,6,3,0,0,0,,
3,5,3,81,177-2,10,254,303.75,6,7,1,0,0,0,,
5,5,3,81,177-2,10,522,Inf,7,7,0,0,3,3,,
3,5,3,82,100-1,15,61.75,109.5,0,1,1,0,0,0,,
3,5,3,82,100-1,15,109.5,156.75,1,2,1,0,0,0,,
3,5,3,82,100-1,15,156.75,207,2,5,3,0,0,0,,
3,5,3,82,100-1,15,207,254,5,8,3,0,0,0,,
3,5,3,82,100-1,15,352,397.5,8,9,1,0,1,1,,
3,5,3,82,100-1,15,397.5,446,9,9,0,1,1,0,,
3,5,3,83,100-1,20,109.5,156.75,0,1,1,0,0,0,,
3,5,3,83,100-1,20,156.75,207,1,3,2,0,0,0,,
3,5,3,83,100-1,20,207,254,3,4,1,0,2,2,,
3,5,3,83,100-1,20,254,303.75,4,4,0,2,3,1,Y,disease
3,5,3,83,100-1,20,352,397.5,4,4,0,3,3,0,Y,disease
3,5,3,83,100-1,20,397.5,446,4,4,0,3,3,0,Y,disease
3,1,3,83,100-1,20,493.5,522,4,4,0,3,3,0,Y,disease
5,5,3,83,100-1,20,522,Inf,4,7,3,3,3,0,,
3,5,3,84,174-2,10,61.75,109.5,0,2,2,0,0,0,,
3,5,3,84,174-2,10,109.5,156.75,2,5,3,0,0,0,,
3,5,3,84,174-2,10,207,254,5,5,0,0,1,1,,
3,5,3,84,174-2,10,254,303.75,5,5,0,1,1,0,,
3,5,3,84,174-2,10,303.75,352,5,5,0,1,5,4,Y,disease
3,5,3,84,174-2,10,352,397.5,5,5,0,5,5,0,Y,disease
3,5,3,84,174-2,10,397.5,446,5,5,0,5,5,0,Y,disease
3,5,3,85,107-1,10,61.75,109.5,0,1,1,0,0,0,,
3,5,3,85,107-1,10,109.5,156.75,1,3,2,0,0,0,,
3,5,3,85,107-1,10,156.75,207,3,7,4,0,0,0,,
3,5,3,85,107-1,10,207,254,7,8,1,0,0,0,,
3,5,3,85,107-1,10,254,303.75,8,8,0,0,2,2,,
3,5,3,85,107-1,10,303.75,352,8,8,0,2,2,0,,
3,5,3,85,107-1,10,352,397.5,8,8,0,2,2,0,,
3,5,3,85,107-1,10,397.5,446,8,8,0,2,2,0,,
3,5,3,86,75-1,15,61.75,109.5,0,3,3,0,0,0,,
3,5,3,86,75-1,15,109.5,156.75,3,5,2,0,0,0,,
3,5,3,86,75-1,15,156.75,207,5,7,2,0,0,0,,
3,5,3,86,75-1,15,207,254,7,8,1,0,0,0,,
3,5,3,86,75-1,15,254,303.75,8,9,1,0,0,0,,
3,5,3,86,75-1,15,352,397.5,9,9,0,0,1,1,,
3,5,3,86,75-1,15,397.5,446,9,9,0,1,1,0,,
3,5,3,87,177-1,20,61.75,109.5,0,1,1,0,0,0,,
3,5,3,87,177-1,20,109.5,156.75,1,4,3,0,0,0,,
3,5,3,87,177-1,20,156.75,207,4,5,1,0,0,0,,
3,5,3,87,177-1,20,207,254,5,5,0,0,2,2,,
3,5,3,87,177-1,20,254,303.75,5,6,1,2,3,1,Y,disease
3,5,3,87,177-1,20,303.75,352,6,6,0,3,3,0,Y,disease
3,5,3,87,177-1,20,352,397.5,6,6,0,3,4,1,Y,disease
3,5,3,87,177-1,20,397.5,446,6,6,0,4,4,0,Y,disease
3,5,3,88,148-1,0,156.75,207,0,1,1,0,0,0,,
3,5,3,88,148-1,0,207,254,1,1,0,0,4,4,Y,disease
3,5,3,88,148-1,0,254,303.75,1,1,0,4,8,4,Y,disease
3,5,3,88,148-1,0,303.75,352,1,1,0,8,8,0,Y,disease
3,5,3,88,148-1,0,352,397.5,1,1,0,8,8,0,Y,disease
3,5,3,88,148-1,0,397.5,446,1,1,0,8,8,0,Y,disease
5,5,3,88,148-1,0,522,Inf,1,1,0,8,9,1,,
3,5,3,89,167-1,10,61.75,109.5,0,2,2,0,0,0,,
3,5,3,89,167-1,10,156.75,207,2,3,1,0,0,0,,
3,5,3,89,167-1,10,254,303.75,3,3,0,0,4,4,Y,disease
3,5,3,89,167-1,10,303.75,352,3,3,0,4,5,1,Y,disease
3,5,3,89,167-1,10,352,397.5,3,3,0,5,5,0,Y,disease
3,5,3,89,167-1,10,397.5,446,3,3,0,5,5,0,Y,disease
3,1,3,89,167-1,10,493.5,522,3,3,0,5,7,2,Y,disease
5,5,3,89,167-1,10,522,Inf,3,3,0,7,7,0,,
3,5,3,90,79-2,15,61.75,109.5,0,7,7,0,0,0,,
3,5,3,90,79-2,15,109.5,156.75,7,10,3,0,0,0,,
3,5,3,91,84-1,0,0,61.75,0,2,2,0,0,0,,
3,5,3,91,84-1,0,61.75,109.5,2,5,3,0,0,0,,
3,5,3,91,84-1,0,109.5,156.75,5,8,3,0,0,0,,
3,5,3,91,84-1,0,352,397.5,8,8,0,0,2,2,,
3,5,3,91,84-1,0,397.5,446,8,8,0,2,2,0,,
3,5,3,92,149-2,0,156.75,207,0,2,2,0,0,0,,
3,5,3,92,149-2,0,207,254,2,2,0,0,7,7,Y,disease
3,5,3,92,149-2,0,254,303.75,2,2,0,7,8,1,Y,disease
3,5,3,92,149-2,0,303.75,352,2,2,0,8,8,0,Y,disease
3,5,3,92,149-2,0,352,397.5,2,2,0,8,8,0,Y,disease
3,5,3,92,149-2,0,397.5,446,2,2,0,8,8,0,Y,disease
3,5,3,93,218-1,0,61.75,109.5,0,8,8,0,0,0,,
3,5,3,93,218-1,0,109.5,156.75,8,9,1,0,0,0,,
3,5,3,93,218-1,0,352,397.5,9,9,0,0,1,1,,
3,5,3,93,218-1,0,397.5,446,9,9,0,1,1,0,,
3,5,3,94,137-1,15,61.75,109.5,0,4,4,0,0,0,,
3,5,3,94,137-1,15,109.5,156.75,4,5,1,0,0,0,,
5,5,3,94,137-1,15,522,Inf,5,5,0,0,5,5,,
3,5,3,95,142-2,10,61.75,109.5,0,2,2,0,0,0,,
3,5,3,95,142-2,10,109.5,156.75,2,4,2,0,0,0,,
3,5,3,95,142-2,10,156.75,207,4,5,1,0,0,0,,
3,5,3,95,142-2,10,207,254,5,5,0,0,1,1,,
3,5,3,95,142-2,10,254,303.75,5,5,0,1,2,1,,
3,5,3,95,142-2,10,303.75,352,5,5,0,2,2,0,,
3,5,3,95,142-2,10,352,397.5,5,5,0,2,5,3,Y,disease
3,5,3,95,142-2,10,397.5,446,5,5,0,5,5,0,Y,disease
3,5,3,96,Johnny's,10,156.75,207,0,2,2,0,0,0,,
3,5,3,96,Johnny's,10,207,254,2,4,2,0,1,1,,
3,5,3,96,Johnny's,10,254,303.75,4,4,0,1,1,0,,
3,5,3,96,Johnny's,10,303.75,352,4,5,1,1,4,3,Y,disease
3,5,3,96,Johnny's,10,352,397.5,5,5,0,4,4,0,Y,disease
3,5,3,96,Johnny's,10,397.5,446,5,5,0,4,4,0,Y,disease
3,1,3,96,Johnny's,10,493.5,522,5,6,1,4,4,0,,
5,5,3,96,Johnny's,10,522,Inf,6,6,0,4,4,0,,
3,5,3,98,219-2,10,109.5,156.75,0,1,1,0,0,0,,
3,5,3,98,219-2,10,156.75,207,1,2,1,0,0,0,,
3,5,3,98,219-2,10,207,254,2,4,2,0,0,0,,
3,5,3,98,219-2,10,254,303.75,4,6,2,0,0,0,,
3,5,3,98,219-2,10,303.75,352,6,6,0,0,4,4,Y,disease
3,5,3,98,219-2,10,352,397.5,6,6,0,4,4,0,Y,disease
3,5,3,98,219-2,10,397.5,446,6,6,0,4,4,0,Y,disease
3,5,3,99,168-2,20,109.5,156.75,0,3,3,0,0,0,,
3,5,3,99,168-2,20,156.75,207,3,6,3,0,0,0,,
3,5,3,99,168-2,20,207,254,6,8,2,0,1,1,,
3,5,3,99,168-2,20,254,303.75,8,8,0,1,1,0,,
3,5,3,99,168-2,20,303.75,352,8,8,0,1,1,0,,
3,5,3,99,168-2,20,352,397.5,8,8,0,1,1,0,,
3,5,3,99,168-2,20,397.5,446,8,8,0,1,1,0,,
5,5,3,99,168-2,20,522,Inf,8,8,0,1,2,1,,
3,5,3,100,153-1,15,207,254,0,0,0,0,5,5,Y,disease
3,5,3,100,153-1,15,254,303.75,0,0,0,5,5,0,Y,disease
3,5,3,100,153-1,15,303.75,352,0,0,0,5,7,2,Y,disease
3,5,3,101,125-1,10,156.75,207,0,5,5,0,0,0,,
3,5,3,101,125-1,10,207,254,5,6,1,0,0,0,,
3,5,3,101,125-1,10,254,303.75,6,9,3,0,0,0,,
3,5,3,101,125-1,10,352,397.5,9,10,1,0,0,0,,
3,5,3,102,80-1,15,61.75,109.5,0,9,9,0,0,0,,
3,5,3,102,80-1,15,254,303.75,9,9,0,0,1,1,,
3,5,3,102,80-1,15,303.75,352,9,9,0,1,1,0,,
3,5,3,102,80-1,15,352,397.5,9,9,0,1,1,0,,
3,5,3,102,80-1,15,397.5,446,9,9,0,1,1,0,,
3,5,3,103,118-2,20,109.5,156.75,0,2,2,0,0,0,,
3,5,3,103,118-2,20,156.75,207,2,7,5,0,0,0,,
3,5,3,103,118-2,20,207,254,7,9,2,0,0,0,,
3,5,3,103,118-2,20,303.75,352,9,9,0,0,1,1,,
3,5,3,103,118-2,20,352,397.5,9,9,0,1,1,0,,
3,5,3,103,118-2,20,397.5,446,9,9,0,1,1,0,,
3,5,3,104,218-1,20,109.5,156.75,0,2,2,0,0,0,,
3,5,3,104,218-1,20,156.75,207,2,8,6,0,0,0,,
3,5,3,104,218-1,20,207,254,8,8,0,0,1,1,,
3,5,3,104,218-1,20,254,303.75,8,8,0,1,2,1,,
3,5,3,104,218-1,20,303.75,352,8,8,0,2,2,0,,
3,5,3,104,218-1,20,352,397.5,8,8,0,2,2,0,,
3,5,3,104,218-1,20,397.5,446,8,8,0,2,2,0,,
3,5,3,105,181-1,10,0,61.75,0,1,1,0,0,0,,
3,5,3,105,181-1,10,61.75,109.5,1,3,2,0,0,0,,
3,5,3,105,181-1,10,109.5,156.75,3,8,5,0,0,0,,
3,5,3,105,181-1,10,156.75,207,8,9,1,0,0,0,,
3,5,3,105,181-1,10,207,254,9,10,1,0,0,0,,
3,5,3,106,100-1,20,109.5,156.75,0,2,2,0,0,0,,
3,5,3,106,100-1,20,156.75,207,2,4,2,0,0,0,,
3,5,3,106,100-1,20,207,254,4,4,0,0,1,1,,
3,5,3,106,100-1,20,254,303.75,4,4,0,1,1,0,,
3,5,3,106,100-1,20,303.75,352,4,5,1,1,1,0,,
3,5,3,106,100-1,20,352,397.5,5,5,0,1,1,0,,
3,5,3,106,100-1,20,397.5,446,5,5,0,1,3,2,Y,disease
5,5,3,106,100-1,20,522,Inf,5,5,0,3,4,1,,
3,5,3,107,Johnny's,10,254,303.75,0,1,1,0,0,0,,
3,5,3,107,Johnny's,10,303.75,352,1,1,0,0,4,4,Y,disease
3,5,3,107,Johnny's,10,352,397.5,1,1,0,4,6,2,Y,disease
3,5,3,107,Johnny's,10,397.5,446,1,1,0,6,6,0,Y,disease
3,1,3,107,Johnny's,10,493.5,522,1,3,2,6,6,0,,
5,5,3,107,Johnny's,10,522,Inf,3,3,0,6,7,1,,
3,5,3,108,106-1,20,109.5,156.75,0,1,1,0,0,0,,
3,5,3,108,106-1,20,156.75,207,1,2,1,0,0,0,,
3,5,3,108,106-1,20,207,254,2,2,0,0,4,4,Y,disease
3,5,3,108,106-1,20,254,303.75,2,2,0,4,4,0,Y,disease
3,5,3,108,106-1,20,303.75,352,2,2,0,4,8,4,Y,disease
3,5,3,108,106-1,20,352,397.5,2,2,0,8,8,0,Y,disease
3,5,3,108,106-1,20,397.5,446,2,2,0,8,8,0,Y,disease
3,1,3,108,106-1,20,493.5,522,2,2,0,8,8,0,Y,disease
5,5,3,108,106-1,20,522,Inf,2,2,0,8,8,0,,
3,5,4,109,Johnny's,20,207,254,0,0,0,0,9,9,Y,disease
3,5,4,111,179-1,20,109.5,156.75,0,6,6,0,0,0,,
3,5,4,111,179-1,20,207,254,6,7,1,0,2,2,,
3,5,4,111,179-1,20,254,303.75,7,7,0,2,2,0,,
3,5,4,111,179-1,20,303.75,352,7,7,0,2,3,1,,
3,5,4,111,179-1,20,352,397.5,7,7,0,3,3,0,,
3,5,4,111,179-1,20,397.5,446,7,7,0,3,3,0,,
3,5,4,111,179-1,20,446,493.5,7,7,0,3,3,0,,
3,5,4,112,219-2,0,156.75,207,0,1,1,0,0,0,,
3,5,4,112,219-2,0,207,254,1,1,0,0,4,4,Y,disease
3,5,4,112,219-2,0,254,303.75,1,1,0,4,7,3,Y,disease
3,5,4,112,219-2,0,303.75,352,1,1,0,7,9,2,Y,disease
3,5,4,112,219-2,0,352,397.5,1,1,0,9,9,0,Y,disease
3,5,4,112,219-2,0,397.5,446,1,1,0,9,9,0,Y,disease
3,5,4,112,219-2,0,446,493.5,1,1,0,9,9,0,Y,disease
3,5,4,113,156-2,15,352,397.5,0,3,3,0,0,0,,
3,1,4,113,156-2,15,493.5,522,3,5,2,0,0,0,,
5,5,4,113,156-2,15,522,Inf,5,9,4,0,1,1,,
3,5,4,114,80-1,10,61.75,109.5,0,5,5,0,0,0,,
3,5,4,114,80-1,10,207,254,5,5,0,0,2,2,Y,disease
3,5,4,114,80-1,10,254,303.75,5,5,0,2,2,0,,
3,5,4,114,80-1,10,303.75,352,5,5,0,2,4,2,Y,disease
3,5,4,114,80-1,10,352,397.5,5,5,0,4,5,1,Y,disease
3,5,4,114,80-1,10,397.5,446,5,5,0,5,5,0,Y,disease
3,5,4,114,80-1,10,446,493.5,5,5,0,5,5,0,Y,disease
3,5,4,115,100-1,0,61.75,109.5,0,1,1,0,0,0,,
3,5,4,115,100-1,0,109.5,156.75,1,3,2,0,0,0,,
3,5,4,115,100-1,0,156.75,207,3,6,3,0,0,0,,
3,5,4,115,100-1,0,207,254,6,9,3,0,0,0,,
3,5,4,115,100-1,0,303.75,352,9,9,0,0,1,1,,
3,5,4,115,100-1,0,352,397.5,9,9,0,1,1,0,,
3,5,4,115,100-1,0,397.5,446,9,9,0,1,1,0,,
3,5,4,115,100-1,0,446,493.5,9,9,0,1,1,0,,
3,5,4,116,107-1,0,109.5,156.75,0,1,1,0,0,0,,
3,5,4,116,107-1,0,207,254,1,5,4,0,0,0,,
3,5,4,116,107-1,0,254,303.75,5,9,4,0,0,0,,
3,5,4,116,107-1,0,303.75,352,9,10,1,0,0,0,,
3,5,4,117,125-2,10,61.75,109.5,0,1,1,0,0,0,,
3,5,4,117,125-2,10,109.5,156.75,1,2,1,0,0,0,,
3,5,4,117,125-2,10,207,254,2,5,3,0,0,0,,
3,5,4,117,125-2,10,254,303.75,5,6,1,0,0,0,,
3,5,4,117,125-2,10,397.5,446,6,7,1,0,0,0,,
5,5,4,117,125-2,10,522,Inf,7,9,2,0,1,1,,
3,5,4,119,153-1,20,61.75,109.5,0,0,0,0,1,1,,
3,5,4,119,153-1,20,109.5,156.75,0,2,2,1,1,0,,
3,5,4,119,153-1,20,156.75,207,2,3,1,1,1,0,,
3,5,4,119,153-1,20,207,254,3,3,0,0,5,5,Y,disease
3,5,4,119,153-1,20,254,303.75,3,3,0,5,7,2,Y,disease
3,5,4,119,153-1,20,303.75,352,3,3,0,7,7,0,Y,disease
3,5,4,119,153-1,20,352,397.5,3,3,0,7,7,0,Y,disease
3,5,4,119,153-1,20,397.5,446,3,3,0,7,7,0,Y,disease
3,5,4,119,153-1,20,446,493.5,3,3,0,7,7,0,Y,disease
3,5,4,120,135-2,20,109.5,156.75,0,1,1,0,0,0,,
3,5,4,120,135-2,20,156.75,207,1,3,2,0,0,0,,
3,5,4,120,135-2,20,207,254,3,3,0,0,1,1,,
3,5,4,120,135-2,20,254,303.75,3,3,0,1,2,1,,
3,5,4,120,135-2,20,303.75,352,3,3,0,2,4,2,Y,disease
3,5,4,120,135-2,20,352,397.5,3,3,0,4,6,2,Y,disease
3,5,4,120,135-2,20,397.5,446,3,3,0,6,6,0,Y,disease
3,5,4,120,135-2,20,446,493.5,3,3,0,6,7,1,Y,disease
5,5,4,120,135-2,20,522,Inf,3,3,0,7,7,0,,
3,5,4,121,183-1,15,156.75,207,0,4,4,0,0,0,,
3,5,4,121,183-1,15,207,254,4,6,2,0,0,0,,
3,5,4,121,183-1,15,303.75,352,6,7,1,0,0,0,,
3,5,4,121,183-1,15,352,397.5,7,7,0,0,1,1,,
3,5,4,121,183-1,15,397.5,446,7,7,0,1,1,0,,
3,5,4,121,183-1,15,446,493.5,7,7,0,1,1,0,,
5,5,4,121,183-1,15,522,Inf,7,7,0,1,3,2,,
3,5,4,122,174-1,0,61.75,109.5,0,1,1,0,0,0,,
3,5,4,122,174-1,0,109.5,156.75,1,5,4,0,1,1,,
3,5,4,122,174-1,0,156.75,207,5,5,0,1,1,0,,
3,5,4,122,174-1,0,207,254,5,5,0,1,5,4,Y,disease
3,5,4,122,174-1,0,254,303.75,5,5,0,5,5,0,Y,disease
3,5,4,122,174-1,0,303.75,352,5,5,0,5,5,0,Y,disease
3,5,4,122,174-1,0,352,397.5,5,5,0,5,5,0,Y,disease
3,5,4,122,174-1,0,397.5,446,5,5,0,5,5,0,Y,disease
3,5,4,122,174-1,0,446,493.5,5,5,0,5,5,0,Y,disease
3,5,4,123,142-2,15,61.75,109.5,0,1,1,0,0,0,,
3,5,4,123,142-2,15,109.5,156.75,1,4,3,0,0,0,,
3,5,4,123,142-2,15,156.75,207,4,5,1,0,0,0,,
3,5,4,123,142-2,15,207,254,5,6,1,0,1,1,,
3,5,4,123,142-2,15,303.75,352,6,6,0,1,1,0,,
3,5,4,123,142-2,15,352,397.5,6,6,0,1,1,0,,
3,5,4,123,142-2,15,397.5,446,6,6,0,1,1,0,,
3,5,4,123,142-2,15,446,493.5,6,6,0,1,1,0,,
3,1,4,123,142-2,15,493.5,522,6,6,0,1,1,0,,
5,5,4,123,142-2,15,522,Inf,6,6,0,1,4,3,,
3,5,4,125,91-1,20,156.75,207,0,1,1,0,0,0,,
3,5,4,125,91-1,20,207,254,1,2,1,0,2,2,,
3,5,4,125,91-1,20,254,303.75,2,2,0,2,4,2,Y,disease
3,5,4,125,91-1,20,303.75,352,2,4,2,4,6,2,Y,disease
3,5,4,125,91-1,20,352,397.5,4,4,0,6,6,0,Y,disease
3,5,4,125,91-1,20,397.5,446,4,4,0,6,6,0,Y,disease
3,5,4,125,91-1,20,446,493.5,4,4,0,6,6,0,Y,disease
3,5,4,126,150-1,0,0,61.75,0,1,1,0,0,0,,
3,5,4,126,150-1,0,61.75,109.5,1,5,4,0,0,0,,
3,5,4,126,150-1,0,109.5,156.75,5,5,0,0,1,1,,
3,5,4,126,150-1,0,156.75,207,5,5,0,1,1,0,,
3,5,4,126,150-1,0,207,254,5,5,0,1,3,2,Y,disease
3,5,4,126,150-1,0,254,303.75,5,5,0,3,3,0,Y,disease
3,5,4,126,150-1,0,303.75,352,5,5,0,3,3,0,Y,disease
3,5,4,126,150-1,0,352,397.5,5,5,0,3,3,0,Y,disease
3,5,4,126,150-1,0,397.5,446,5,5,0,3,3,0,Y,disease
3,5,4,126,150-1,0,446,493.5,5,5,0,3,3,0,Y,disease
3,1,4,126,150-1,0,493.5,522,5,5,0,3,3,0,,
5,5,4,126,150-1,0,522,Inf,5,5,0,3,5,2,,
3,5,4,127,135-1,10,0,61.75,0,2,2,0,0,0,,
3,5,4,127,135-1,10,61.75,109.5,2,6,4,0,0,0,,
3,5,4,127,135-1,10,207,254,6,7,1,0,0,0,,
3,5,4,127,135-1,10,352,397.5,7,8,1,0,0,0,,
5,5,4,127,135-1,10,522,Inf,8,8,0,0,2,2,,
3,5,4,128,88-1,20,207,254,0,0,0,0,1,1,,
3,5,4,128,88-1,20,254,303.75,0,1,1,1,1,0,,
3,5,4,128,88-1,20,303.75,352,1,6,5,1,2,1,,
3,5,4,128,88-1,20,352,397.5,6,6,0,2,2,0,,
3,5,4,128,88-1,20,397.5,446,6,6,0,2,2,0,,
3,5,4,128,88-1,20,446,493.5,6,6,0,2,2,0,,
3,1,4,128,88-1,20,493.5,522,6,7,1,2,2,0,,
5,5,4,128,88-1,20,522,Inf,7,8,1,2,2,0,,
3,5,4,129,191-2,10,61.75,109.5,0,1,1,0,0,0,,
3,5,4,129,191-2,10,109.5,156.75,1,3,2,0,0,0,,
3,5,4,129,191-2,10,156.75,207,3,4,1,0,0,0,,
3,5,4,129,191-2,10,207,254,4,6,2,0,0,0,,
3,5,4,129,191-2,10,254,303.75,6,6,0,0,1,1,,
3,5,4,129,191-2,10,303.75,352,6,6,0,1,1,0,,
3,5,4,129,191-2,10,352,397.5,6,6,0,1,1,0,,
3,5,4,129,191-2,10,397.5,446,6,6,0,1,2,1,,
3,5,4,129,191-2,10,446,493.5,6,6,0,2,2,0,,
5,5,4,129,191-2,10,522,Inf,6,6,0,2,4,2,,
3,5,4,130,75-1,0,0,61.75,0,1,1,0,0,0,,
3,5,4,130,75-1,0,61.75,109.5,1,2,1,0,0,0,,
3,5,4,130,75-1,0,156.75,207,2,5,3,0,0,0,,
3,5,4,130,75-1,0,207,254,5,6,1,0,2,2,,
3,5,4,130,75-1,0,254,303.75,6,7,1,2,3,1,,
3,5,4,130,75-1,0,303.75,352,7,7,0,3,3,0,,
3,5,4,130,75-1,0,352,397.5,7,7,0,3,3,0,,
3,5,4,130,75-1,0,397.5,446,7,7,0,3,3,0,,
3,5,4,130,75-1,0,446,493.5,7,7,0,3,3,0,,
3,5,4,131,125-2,0,109.5,156.75,0,1,1,0,0,0,,
3,5,4,131,125-2,0,156.75,207,1,4,3,0,0,0,,
3,5,4,131,125-2,0,207,254,4,6,2,0,0,0,,
3,5,4,131,125-2,0,352,397.5,6,6,0,0,1,1,,
3,5,4,131,125-2,0,397.5,446,6,6,0,1,1,0,,
3,5,4,131,125-2,0,446,493.5,6,6,0,1,1,0,,
5,5,4,131,125-2,0,522,Inf,6,6,0,1,4,3,,
5,5,4,132,169-2,0,522,Inf,0,6,6,0,4,4,,
5,5,4,133,164-2,10,522,Inf,0,0,0,4,10,6,,
3,5,4,134,139-2,20,109.5,156.75,0,1,1,0,0,0,,
3,5,4,134,139-2,20,156.75,207,1,6,5,0,0,0,,
3,5,4,134,139-2,20,303.75,352,6,7,1,0,2,2,,
3,5,4,134,139-2,20,352,397.5,7,7,0,2,2,0,,
3,5,4,134,139-2,20,397.5,446,7,7,0,2,2,0,,
3,5,4,134,139-2,20,446,493.5,7,7,0,2,2,0,,
5,5,4,134,139-2,20,522,Inf,7,7,0,2,3,1,,
3,5,4,135,173-1,15,109.5,156.75,0,0,0,0,1,1,,
3,5,4,135,173-1,15,156.75,207,0,0,0,1,1,0,,
3,5,4,135,173-1,15,207,254,0,0,0,1,1,0,,
3,5,4,135,173-1,15,254,303.75,0,1,1,1,1,0,,
3,5,4,135,173-1,15,303.75,352,1,1,0,1,1,0,,
3,5,4,135,173-1,15,352,397.5,1,1,0,1,1,0,,
3,5,4,135,173-1,15,397.5,446,1,1,0,1,1,0,,
3,5,4,135,173-1,15,446,493.5,1,1,0,1,1,0,,
3,1,4,135,173-1,15,493.5,522,1,1,0,1,1,0,,
5,5,4,135,173-1,15,522,Inf,1,2,1,1,8,7,,
3,5,4,136,181-1,20,156.75,207,0,3,3,0,0,0,,
3,5,4,136,181-1,20,207,254,3,7,4,0,0,0,,
3,5,4,136,181-1,20,303.75,352,7,7,0,0,3,3,,
3,5,4,136,181-1,20,352,397.5,7,7,0,3,3,0,,
3,5,4,136,181-1,20,397.5,446,7,7,0,3,3,0,,
3,5,4,136,181-1,20,446,493.5,7,7,0,3,3,0,,
3,5,4,137,149-2,20,207,254,0,2,2,0,5,5,Y,disease
3,5,4,137,149-2,20,254,303.75,2,2,0,5,7,2,Y,disease
3,5,4,137,149-2,20,303.75,352,2,2,0,7,8,1,Y,disease
3,5,4,137,149-2,20,352,397.5,2,2,0,8,8,0,Y,disease
3,5,4,137,149-2,20,397.5,446,2,2,0,8,8,0,Y,disease
3,5,4,137,149-2,20,446,493.5,2,2,0,8,8,0,Y,disease
3,5,4,138,Johnny's,20,207,254,0,0,0,0,2,2,Y,disease
3,5,4,138,Johnny's,20,254,303.75,0,0,0,2,2,0,Y,disease
3,5,4,138,Johnny's,20,303.75,352,0,0,0,2,2,0,Y,disease
3,5,4,138,Johnny's,20,352,397.5,0,0,0,2,2,0,Y,disease
3,5,4,138,Johnny's,20,397.5,446,0,0,0,2,2,0,Y,disease
3,5,4,138,Johnny's,20,446,493.5,0,0,0,2,2,0,Y,disease
5,5,4,138,Johnny's,20,522,Inf,0,8,8,2,2,0,,
3,5,4,139,135-2,0,61.75,109.5,0,1,1,0,0,0,,
3,5,4,139,135-2,0,109.5,156.75,1,2,1,0,0,0,,
3,5,4,139,135-2,0,156.75,207,2,3,1,0,0,0,,
5,5,4,139,135-2,0,522,Inf,3,3,0,0,7,7,,
3,5,4,140,124-1,10,109.5,156.75,0,8,8,0,0,0,,
3,5,4,140,124-1,10,156.75,207,8,10,2,0,0,0,,
3,5,4,141,126-2,20,109.5,156.75,0,1,1,0,0,0,,
3,5,4,141,126-2,20,207,254,1,2,1,0,0,0,,
3,5,4,141,126-2,20,303.75,352,2,4,2,0,2,2,,
3,5,4,141,126-2,20,352,397.5,4,4,0,2,2,0,,
3,5,4,141,126-2,20,397.5,446,4,4,0,2,2,0,,
3,5,4,141,126-2,20,446,493.5,4,4,0,2,2,0,,
5,5,4,141,126-2,20,522,Inf,4,4,0,2,5,3,,
3,5,4,142,146-1,15,156.75,207,0,3,3,0,0,0,,
3,5,4,142,146-1,15,303.75,352,3,5,2,0,0,0,,
3,5,4,142,146-1,15,352,397.5,5,5,0,0,2,2,,
3,5,4,142,146-1,15,397.5,446,5,5,0,2,2,0,,
3,5,4,142,146-1,15,446,493.5,5,5,0,2,2,0,,
5,5,4,142,146-1,15,522,Inf,5,5,0,2,5,3,,
3,5,4,143,106-1,0,61.75,109.5,0,2,2,0,0,0,,
3,5,4,143,106-1,0,109.5,156.75,2,4,2,0,0,0,,
3,5,4,143,106-1,0,156.75,207,4,5,1,0,0,0,,
3,5,4,143,106-1,0,207,254,5,9,4,0,0,0,,
3,5,4,143,106-1,0,303.75,352,9,9,0,0,1,1,,
3,5,4,143,106-1,0,352,397.5,9,9,0,1,1,0,,
3,5,4,143,106-1,0,397.5,446,9,9,0,1,1,0,,
3,5,4,143,106-1,0,446,493.5,9,9,0,1,1,0,,
3,5,4,144,143-1,20,61.75,109.5,0,1,1,0,0,0,,
3,5,4,144,143-1,20,109.5,156.75,1,4,3,0,0,0,,
3,5,4,144,143-1,20,352,397.5,4,4,0,0,3,3,Y,disease
3,5,4,144,143-1,20,397.5,446,4,4,0,3,3,0,Y,disease
3,5,4,144,143-1,20,446,493.5,4,4,0,3,3,0,Y,disease
5,5,4,144,143-1,20,522,Inf,4,4,0,3,6,3,,
3,5,5,145,219-2,15,109.5,156.75,0,0,0,0,1,1,,
3,5,5,145,219-2,15,156.75,207,0,1,1,1,1,0,,
3,5,5,145,219-2,15,207,254,1,2,1,1,1,0,,
3,5,5,145,219-2,15,254,303.75,2,3,1,1,4,3,Y,disease
3,5,5,145,219-2,15,303.75,352,3,4,1,4,6,2,Y,disease
3,5,5,145,219-2,15,352,397.5,4,4,0,6,6,0,Y,disease
3,5,5,145,219-2,15,397.5,446,4,4,0,6,6,0,Y,disease
3,5,5,145,219-2,15,446,493.5,4,4,0,6,6,0,Y,disease
3,5,5,146,218-2,15,109.5,156.75,0,9,9,0,0,0,,
3,5,5,146,218-2,15,156.75,207,9,10,1,0,0,0,,
3,5,5,147,98-2,20,109.5,156.75,0,9,9,0,0,0,,
5,5,5,147,98-2,20,522,Inf,9,9,0,0,1,1,,
3,5,5,148,183-1,0,109.5,156.75,0,2,2,0,0,0,,
5,5,5,148,183-1,0,522,Inf,2,2,0,0,8,8,,
3,5,5,149,107-2,10,109.5,156.75,0,1,1,0,0,0,,
3,5,5,149,107-2,10,156.75,207,1,3,2,0,0,0,,
3,5,5,149,107-2,10,207,254,3,5,2,0,0,0,,
3,5,5,149,107-2,10,254,303.75,5,8,3,0,0,0,,
3,5,5,149,107-2,10,303.75,352,8,9,1,0,1,1,,
3,5,5,149,107-2,10,352,397.5,9,9,0,1,1,0,,
3,5,5,149,107-2,10,397.5,446,9,9,0,1,1,0,,
3,5,5,149,107-2,10,446,493.5,9,9,0,1,1,0,,
3,5,5,150,181-1,15,61.75,109.5,0,2,2,0,0,0,,
3,5,5,150,181-1,15,156.75,207,2,3,1,0,0,0,,
3,5,5,150,181-1,15,207,254,3,5,2,0,0,0,,
3,5,5,150,181-1,15,352,397.5,5,7,2,0,0,0,,
3,5,5,150,181-1,15,397.5,446,7,8,1,0,0,0,,
5,5,5,150,181-1,15,522,Inf,8,9,1,0,1,1,,
3,5,5,151,185-2,20,207,254,0,4,4,0,4,4,Y,disease
3,5,5,151,185-2,20,303.75,352,4,4,0,4,6,2,Y,disease
3,5,5,151,185-2,20,352,397.5,4,4,0,6,6,0,Y,disease
3,5,5,151,185-2,20,397.5,446,4,4,0,6,6,0,Y,disease
3,5,5,151,185-2,20,446,493.5,4,4,0,6,6,0,Y,disease
3,5,5,152,134-2,10,109.5,156.75,0,7,7,0,0,0,,
3,5,5,152,134-2,10,207,254,7,8,1,0,0,0,,
3,5,5,152,134-2,10,254,303.75,8,9,1,0,0,0,,
5,5,5,152,134-2,10,522,Inf,9,9,0,0,1,1,,
3,5,5,153,177-2,0,61.75,109.5,0,2,2,0,0,0,,
3,5,5,153,177-2,0,109.5,156.75,2,4,2,0,2,2,,
3,5,5,153,177-2,0,156.75,207,4,5,1,2,2,0,,
3,5,5,153,177-2,0,207,254,5,5,0,2,5,3,Y,disease
3,5,5,153,177-2,0,254,303.75,5,5,0,5,5,0,Y,disease
3,5,5,153,177-2,0,303.75,352,5,5,0,5,5,0,Y,disease
3,5,5,153,177-2,0,352,397.5,5,5,0,5,5,0,Y,disease
3,5,5,153,177-2,0,397.5,446,5,5,0,5,5,0,Y,disease
3,5,5,153,177-2,0,446,493.5,5,5,0,5,5,0,Y,disease
3,5,5,154,124-1,15,156.75,207,0,2,2,0,0,0,,
3,5,5,154,124-1,15,207,254,2,6,4,0,0,0,,
3,5,5,154,124-1,15,254,303.75,6,9,3,0,0,0,,
3,5,5,154,124-1,15,303.75,352,9,10,1,0,0,0,,
3,5,5,155,77-2,10,0,61.75,0,1,1,0,0,0,,
3,5,5,155,77-2,10,61.75,109.5,1,5,4,0,0,0,,
3,5,5,155,77-2,10,109.5,156.75,5,8,3,0,0,0,,
3,5,5,155,77-2,10,156.75,207,8,8,0,0,0,0,,
3,5,5,155,77-2,10,303.75,352,8,8,0,0,0,0,,
3,5,5,155,77-2,10,352,397.5,8,8,0,0,2,2,,
3,5,5,155,77-2,10,397.5,446,8,8,0,2,2,0,,
3,5,5,155,77-2,10,446,493.5,8,8,0,2,2,0,,
3,5,5,156,128-1,15,61.75,109.5,0,1,1,0,0,0,,
3,5,5,156,128-1,15,109.5,156.75,1,3,2,0,0,0,,
3,5,5,156,128-1,15,207,254,3,4,1,0,0,0,,
3,5,5,156,128-1,15,352,397.5,4,4,0,0,1,1,,
3,5,5,156,128-1,15,397.5,446,4,4,0,1,1,0,,
3,5,5,156,128-1,15,446,493.5,4,4,0,1,1,0,,
5,5,5,156,128-1,15,522,Inf,4,4,0,1,6,5,,
3,5,5,157,168-2,0,61.75,109.5,0,1,1,0,0,0,,
3,5,5,157,168-2,0,109.5,156.75,1,4,3,0,0,0,,
3,5,5,157,168-2,0,156.75,207,4,10,6,0,0,0,,
3,5,5,158,79-2,10,0,61.75,0,5,5,0,0,0,,
3,5,5,158,79-2,10,61.75,109.5,5,8,3,0,0,0,,
3,5,5,158,79-2,10,109.5,156.75,8,9,1,0,0,0,,
3,5,5,158,79-2,10,207,254,9,10,1,0,0,0,,
3,5,5,159,107-2,15,156.75,207,0,3,3,0,0,0,,
3,5,5,159,107-2,15,207,254,3,4,1,0,0,0,,
3,5,5,159,107-2,15,303.75,352,4,8,4,0,2,2,,
3,5,5,159,107-2,15,352,397.5,8,8,0,2,2,0,,
3,5,5,159,107-2,15,397.5,446,8,8,0,2,2,0,,
3,5,5,159,107-2,15,446,493.5,8,8,0,2,2,0,,
3,5,5,160,139-1,10,61.75,109.5,0,5,5,0,0,0,,
3,5,5,160,139-1,10,303.75,352,5,5,0,0,5,5,Y,disease
3,5,5,160,139-1,10,352,397.5,5,5,0,5,5,0,Y,disease
3,5,5,160,139-1,10,397.5,446,5,5,0,5,5,0,Y,disease
3,5,5,160,139-1,10,446,493.5,5,5,0,5,5,0,Y,disease
3,5,5,161,100-1,10,61.75,109.5,0,1,1,0,0,0,,
3,5,5,161,100-1,10,109.5,156.75,1,4,3,0,0,0,,
3,5,5,161,100-1,10,156.75,207,4,5,1,0,0,0,,
3,5,5,161,100-1,10,207,254,5,6,1,0,0,0,,
3,5,5,161,100-1,10,254,303.75,6,7,1,0,0,0,,
3,5,5,161,100-1,10,303.75,352,7,8,1,0,2,2,,
3,5,5,161,100-1,10,352,397.5,8,8,0,2,2,0,,
3,5,5,161,100-1,10,397.5,446,8,8,0,2,2,0,,
3,5,5,161,100-1,10,446,493.5,8,8,0,2,2,0,,
3,5,5,162,173-1,10,61.75,109.5,0,1,1,0,0,0,,
3,5,5,162,173-1,10,109.5,156.75,1,4,3,0,0,0,,
3,5,5,162,173-1,10,156.75,207,4,5,1,0,0,0,,
3,5,5,162,173-1,10,207,254,5,5,0,0,0,0,,
3,5,5,162,173-1,10,303.75,352,5,5,0,0,0,0,,
5,5,5,162,173-1,10,522,Inf,5,6,1,0,4,4,,
3,5,5,163,129-1,10,109.5,156.75,0,1,1,0,0,0,,
3,5,5,163,129-1,10,352,397.5,1,1,0,0,0,0,,
3,5,5,163,129-1,10,397.5,446,1,1,0,0,1,1,,
3,5,5,163,129-1,10,446,493.5,1,1,0,1,1,0,,
5,5,5,163,129-1,10,522,Inf,1,1,0,1,9,8,,
3,5,5,164,104-1,0,109.5,156.75,0,2,2,0,0,0,,
3,5,5,164,104-1,0,156.75,207,2,6,4,0,0,0,,
3,5,5,164,104-1,0,207,254,6,9,3,0,0,0,,
3,5,5,164,104-1,0,303.75,352,9,10,1,0,0,0,,
3,5,5,165,185-2,0,109.5,156.75,0,3,3,0,0,0,,
3,5,5,165,185-2,0,156.75,207,3,10,7,0,0,0,,
3,5,5,166,Johnny's,20,207,254,0,1,1,0,0,0,,
3,5,5,166,Johnny's,20,254,303.75,1,3,2,0,0,0,,
3,5,5,166,Johnny's,20,303.75,352,3,4,1,0,0,0,,
5,5,5,166,Johnny's,20,522,Inf,4,7,3,0,3,3,,
3,5,5,167,135-1,20,109.5,156.75,0,1,1,0,1,1,,
3,5,5,167,135-1,20,156.75,207,1,1,0,1,1,0,,
3,5,5,167,135-1,20,207,254,1,1,0,1,7,6,Y,disease
3,5,5,167,135-1,20,254,303.75,1,1,0,7,8,1,Y,disease
3,5,5,167,135-1,20,303.75,352,1,1,0,8,9,1,Y,disease
3,5,5,167,135-1,20,352,397.5,1,1,0,9,9,0,Y,disease
3,5,5,167,135-1,20,397.5,446,1,1,0,9,9,0,Y,disease
3,5,5,167,135-1,20,446,493.5,1,1,0,9,9,0,Y,disease
3,5,5,168,177-2,15,61.75,109.5,0,2,2,0,0,0,,
3,5,5,168,177-2,15,156.75,207,2,3,1,0,0,0,,
3,5,5,168,177-2,15,352,397.5,3,4,1,0,0,0,,
3,5,5,168,177-2,15,397.5,446,4,5,1,0,0,0,,
5,5,5,168,177-2,15,522,Inf,5,5,0,0,5,5,,
3,5,5,169,167-1,15,61.75,109.5,0,1,1,0,0,0,,
3,5,5,169,167-1,15,109.5,156.75,1,2,1,0,1,1,,
3,5,5,169,167-1,15,156.75,207,2,2,0,1,1,0,,
3,5,5,169,167-1,15,207,254,2,3,1,1,1,0,,
3,5,5,169,167-1,15,254,303.75,3,3,0,1,1,0,,
3,5,5,169,167-1,15,303.75,352,3,3,0,1,1,0,,
3,5,5,169,167-1,15,352,397.5,3,3,0,1,1,0,,
3,5,5,169,167-1,15,397.5,446,3,3,0,1,1,0,,
3,5,5,169,167-1,15,446,493.5,3,3,0,1,1,0,,
3,1,5,169,167-1,15,493.5,522,3,3,0,1,1,0,,
5,5,5,169,167-1,15,522,Inf,3,3,0,1,7,6,,
3,5,5,170,151-2,0,109.5,156.75,0,5,5,0,1,1,,
3,5,5,170,151-2,0,156.75,207,5,5,0,1,1,0,,
3,5,5,170,151-2,0,207,254,5,5,0,1,5,4,Y,disease
3,5,5,170,151-2,0,254,303.75,5,5,0,5,5,0,Y,disease
3,5,5,170,151-2,0,303.75,352,5,5,0,5,5,0,Y,disease
3,5,5,170,151-2,0,352,397.5,5,5,0,5,5,0,Y,disease
3,5,5,170,151-2,0,397.5,446,5,5,0,5,5,0,Y,disease
3,5,5,170,151-2,0,446,493.5,5,5,0,5,5,0,Y,disease
3,5,5,171,Johnny's,0,207,254,0,1,1,0,0,0,,
3,5,5,171,Johnny's,0,254,303.75,1,3,2,0,0,0,,
3,5,5,171,Johnny's,0,303.75,352,3,6,3,0,0,0,,
3,5,5,171,Johnny's,0,352,397.5,6,7,1,0,0,0,,
3,5,5,171,Johnny's,0,397.5,446,7,8,1,0,0,0,,
5,5,5,171,Johnny's,0,522,Inf,8,8,0,0,2,2,,
3,5,5,172,179-1,0,109.5,156.75,0,1,1,0,0,0,,
3,5,5,172,179-1,0,156.75,207,1,6,5,0,0,0,,
3,5,5,172,179-1,0,207,254,6,8,2,0,0,0,,
3,5,5,172,179-1,0,254,303.75,8,10,2,0,0,0,,
3,5,5,173,139-1,0,109.5,156.75,0,2,2,0,0,0,,
3,5,5,173,139-1,0,156.75,207,2,4,2,0,0,0,,
3,5,5,173,139-1,0,207,254,4,6,2,0,4,4,Y,disease
3,5,5,173,139-1,0,254,303.75,6,6,0,4,4,0,Y,disease
3,5,5,173,139-1,0,303.75,352,6,6,0,4,4,0,Y,disease
3,5,5,173,139-1,0,352,397.5,6,6,0,4,4,0,Y,disease
3,5,5,173,139-1,0,397.5,446,6,6,0,4,4,0,Y,disease
3,5,5,173,139-1,0,446,493.5,6,6,0,4,4,0,Y,disease
3,5,5,174,151-2,10,61.75,109.5,0,2,2,0,0,0,,
3,5,5,174,151-2,10,109.5,156.75,2,4,2,0,0,0,,
5,5,5,174,151-2,10,522,Inf,4,5,1,0,5,5,,
3,5,5,175,167-1,0,61.75,109.5,0,1,1,0,0,0,,
3,5,5,175,167-1,0,156.75,207,1,2,1,0,0,0,,
5,5,5,175,167-1,0,522,Inf,2,2,0,0,8,8,,
3,5,5,176,139-1,20,156.75,207,0,1,1,0,0,0,,
3,5,5,176,139-1,20,207,254,1,2,1,0,0,0,,
3,5,5,176,139-1,20,254,303.75,2,3,1,0,0,0,,
3,5,5,176,139-1,20,303.75,352,3,4,1,0,0,0,,
3,5,5,176,139-1,20,352,397.5,4,5,1,0,2,2,,
3,5,5,176,139-1,20,397.5,446,5,5,0,2,2,0,,
3,5,5,176,139-1,20,446,493.5,5,5,0,2,2,0,,
3,1,5,176,139-1,20,493.5,522,5,5,0,2,2,0,,
5,5,5,176,139-1,20,522,Inf,5,5,0,2,5,3,,
3,5,5,177,125-2,20,109.5,156.75,0,0,0,0,1,1,,
3,5,5,177,125-2,20,156.75,207,0,0,0,1,1,0,,
3,5,5,177,125-2,20,207,254,0,0,0,1,1,0,,
3,5,5,177,125-2,20,254,303.75,0,0,0,1,1,0,,
3,5,5,177,125-2,20,303.75,352,0,2,2,1,1,0,,
3,5,5,177,125-2,20,352,397.5,2,2,0,1,1,0,,
3,5,5,177,125-2,20,397.5,446,2,3,1,1,1,0,,
3,5,5,177,125-2,20,446,493.5,3,3,0,1,2,1,,
3,1,5,177,125-2,20,493.5,522,3,5,2,2,2,0,,
5,5,5,177,125-2,20,522,Inf,5,8,3,2,2,0,,
3,5,5,179,150-1,15,61.75,109.5,0,2,2,0,0,0,,
3,5,5,179,150-1,15,109.5,156.75,2,4,2,0,0,0,,
3,5,5,179,150-1,15,352,397.5,4,4,0,0,1,1,,
3,5,5,179,150-1,15,397.5,446,4,4,0,1,1,0,,
3,5,5,179,150-1,15,446,493.5,4,4,0,1,1,0,,
5,5,5,179,150-1,15,522,Inf,4,4,0,1,6,5,,
3,5,5,180,169-2,10,109.5,156.75,0,5,5,0,0,0,,
5,5,5,180,169-2,10,522,Inf,5,5,0,0,5,5,,
3,5,6,181,149-2,15,207,254,0,1,1,0,0,0,,
3,5,6,181,149-2,15,254,303.75,1,2,1,0,0,0,,
3,5,6,181,149-2,15,303.75,352,2,3,1,0,0,0,,
3,5,6,181,149-2,15,352,397.5,3,3,0,0,1,1,,
3,5,6,181,149-2,15,397.5,446,3,3,0,1,1,0,,
3,5,6,181,149-2,15,446,493.5,3,4,1,1,1,0,,
5,5,6,181,149-2,15,522,Inf,4,5,1,1,5,4,,
3,5,6,182,174-1,15,61.75,109.5,0,3,3,0,0,0,,
3,5,6,182,174-1,15,109.5,156.75,3,5,2,0,1,1,,
3,5,6,182,174-1,15,156.75,207,5,6,1,1,1,0,,
3,5,6,182,174-1,15,207,254,6,7,1,1,1,0,,
3,5,6,182,174-1,15,254,303.75,7,8,1,1,1,0,,
3,5,6,182,174-1,15,303.75,352,8,8,0,1,2,1,,
3,5,6,182,174-1,15,352,397.5,8,8,0,2,2,0,,
3,5,6,182,174-1,15,397.5,446,8,8,0,2,2,0,,
3,5,6,182,174-1,15,446,493.5,8,8,0,2,2,0,,
3,5,6,183,Johnny's,0,254,303.75,0,1,1,0,0,0,,
3,5,6,183,Johnny's,0,303.75,352,1,4,3,0,0,0,,
3,5,6,183,Johnny's,0,352,397.5,4,7,3,0,0,0,,
3,5,6,183,Johnny's,0,397.5,446,7,8,1,0,0,0,,
3,1,6,183,Johnny's,0,493.5,522,8,9,1,0,0,0,,
5,5,6,183,Johnny's,0,522,Inf,9,10,1,0,0,0,,
3,5,6,184,98-2,15,0,61.75,0,1,1,0,0,0,,
3,5,6,184,98-2,15,61.75,109.5,1,7,6,0,0,0,,
3,5,6,184,98-2,15,109.5,156.75,7,8,1,0,0,0,,
5,5,6,184,98-2,15,522,Inf,8,8,0,0,2,2,,
3,5,6,185,188-1,0,207,254,0,1,1,0,0,0,,
3,5,6,185,188-1,0,254,303.75,1,3,2,0,0,0,,
3,5,6,185,188-1,0,303.75,352,3,7,4,0,0,0,,
3,5,6,185,188-1,0,352,397.5,7,9,2,0,0,0,,
3,5,6,185,188-1,0,446,493.5,9,10,1,0,0,0,,
3,5,6,186,181-1,0,0,61.75,0,1,1,0,0,0,,
3,5,6,186,181-1,0,61.75,109.5,1,2,1,0,0,0,,
3,5,6,186,181-1,0,109.5,156.75,2,5,3,0,0,0,,
3,5,6,186,181-1,0,156.75,207,5,6,1,0,0,0,,
3,5,6,186,181-1,0,207,254,6,8,2,0,0,0,,
3,5,6,186,181-1,0,303.75,352,8,10,2,0,0,0,,
3,5,6,188,182-1,20,156.75,207,0,1,1,0,0,0,,
3,5,6,188,182-1,20,254,303.75,1,2,1,0,0,0,,
3,5,6,188,182-1,20,303.75,352,2,3,1,0,0,0,,
3,5,6,188,182-1,20,446,493.5,3,4,1,0,0,0,,
5,5,6,188,182-1,20,522,Inf,4,7,3,0,3,3,,
3,5,6,189,143-1,0,61.75,109.5,0,4,4,0,0,0,,
3,5,6,189,143-1,0,109.5,156.75,4,7,3,0,0,0,,
3,5,6,189,143-1,0,446,493.5,7,8,1,0,0,0,,
5,5,6,189,143-1,0,522,Inf,8,8,0,0,2,2,,
3,5,6,190,148-1,20,156.75,207,0,2,2,0,0,0,,
3,5,6,190,148-1,20,207,254,2,4,2,0,1,1,,
3,5,6,190,148-1,20,254,303.75,4,4,0,1,1,0,,
3,5,6,190,148-1,20,303.75,352,4,4,0,1,2,1,,
3,5,6,190,148-1,20,352,397.5,4,4,0,2,2,0,,
3,5,6,190,148-1,20,397.5,446,4,4,0,2,2,0,,
3,5,6,190,148-1,20,446,493.5,4,4,0,2,2,0,,
3,1,6,190,148-1,20,493.5,522,4,4,0,2,2,0,,
5,5,6,190,148-1,20,522,Inf,4,5,1,2,5,3,,
3,5,6,191,104-1,10,61.75,109.5,0,2,2,0,0,0,,
3,5,6,191,104-1,10,109.5,156.75,2,6,4,0,0,0,,
3,5,6,191,104-1,10,156.75,207,6,8,2,0,0,0,,
3,5,6,191,104-1,10,303.75,352,8,10,2,0,0,0,,
3,5,6,192,107-2,0,109.5,156.75,0,1,1,0,0,0,,
3,5,6,192,107-2,0,156.75,207,1,3,2,0,0,0,,
3,5,6,192,107-2,0,207,254,3,7,4,0,1,1,Y,disease
3,5,6,192,107-2,0,303.75,352,7,9,2,1,1,0,,
3,5,6,192,107-2,0,352,397.5,9,9,0,1,1,0,,
3,5,6,192,107-2,0,397.5,446,9,9,0,1,1,0,,
3,5,6,192,107-2,0,446,493.5,9,9,0,1,1,0,,
3,5,6,193,149-1,15,61.75,109.5,0,1,1,0,0,0,,
3,5,6,193,149-1,15,109.5,156.75,1,6,5,0,0,0,,
3,5,6,193,149-1,15,207,254,6,7,1,0,0,0,,
3,5,6,193,149-1,15,254,303.75,7,8,1,0,0,0,,
5,5,6,193,149-1,15,522,Inf,8,8,0,0,2,2,,
3,5,6,194,129-1,15,61.75,109.5,0,1,1,0,0,0,,
3,5,6,194,129-1,15,109.5,156.75,1,2,1,0,0,0,,
3,5,6,194,129-1,15,156.75,207,2,3,1,0,0,0,,
3,1,6,194,129-1,15,493.5,522,3,3,0,0,1,1,,
5,5,6,194,129-1,15,522,Inf,3,3,0,1,7,6,,
3,5,6,195,130-2,15,254,303.75,0,1,1,0,0,0,,
5,5,6,195,130-2,15,522,Inf,1,2,1,0,8,8,,
3,5,6,196,Johnny's,15,254,303.75,0,3,3,0,0,0,,
3,5,6,196,Johnny's,15,352,397.5,3,5,2,0,0,0,,
3,5,6,196,Johnny's,15,397.5,446,5,6,1,0,0,0,,
3,5,6,196,Johnny's,15,446,493.5,6,7,1,0,0,0,,
5,5,6,196,Johnny's,15,522,Inf,7,7,0,0,3,3,,
3,5,6,197,100-1,20,109.5,156.75,0,1,1,0,1,1,,
3,5,6,197,100-1,20,156.75,207,1,1,0,1,1,0,,
3,5,6,197,100-1,20,207,254,1,3,2,1,3,2,Y,disease
3,5,6,197,100-1,20,254,303.75,3,4,1,3,4,1,Y,disease
3,5,6,197,100-1,20,303.75,352,4,5,1,4,5,1,Y,disease
3,5,6,197,100-1,20,352,397.5,5,5,0,5,5,0,Y,disease
3,5,6,197,100-1,20,397.5,446,5,5,0,5,5,0,Y,disease
3,5,6,197,100-1,20,446,493.5,5,5,0,5,5,0,Y,disease
3,5,6,198,183-1,10,61.75,109.5,0,1,1,0,0,0,,
3,5,6,198,183-1,10,109.5,156.75,1,3,2,0,0,0,,
3,5,6,198,183-1,10,156.75,207,3,4,1,0,0,0,,
3,5,6,198,183-1,10,207,254,4,6,2,0,0,0,,
3,5,6,198,183-1,10,303.75,352,6,6,0,0,1,1,,
3,5,6,198,183-1,10,352,397.5,6,6,0,1,1,0,,
3,5,6,198,183-1,10,446,493.5,6,6,0,1,1,0,,
5,5,6,198,183-1,10,522,Inf,6,7,1,1,3,2,,
3,5,6,199,84-1,10,0,61.75,0,2,2,0,0,0,,
3,5,6,199,84-1,10,61.75,109.5,2,2,0,0,0,0,,
3,5,6,199,84-1,10,109.5,156.75,2,10,8,0,0,0,,
3,5,6,200,142-2,0,109.5,156.75,0,5,5,0,0,0,,
3,5,6,200,142-2,0,156.75,207,5,7,2,0,0,0,,
3,5,6,200,142-2,0,207,254,7,8,1,0,0,0,,
5,5,6,200,142-2,0,522,Inf,8,8,0,0,2,2,,
3,5,6,201,79-2,0,0,61.75,0,1,1,0,0,0,,
3,5,6,201,79-2,0,61.75,109.5,1,5,4,0,0,0,,
3,5,6,201,79-2,0,109.5,156.75,5,10,5,0,0,0,,
3,5,6,202,204-2,10,156.75,207,0,3,3,0,0,0,,
3,5,6,202,204-2,10,207,254,3,7,4,0,0,0,,
3,5,6,202,204-2,10,254,303.75,7,8,1,0,0,0,,
3,5,6,202,204-2,10,303.75,352,8,10,2,0,0,0,,
3,5,6,203,218-1,15,61.75,109.5,0,2,2,0,1,1,,
3,5,6,203,218-1,15,109.5,156.75,2,8,6,1,1,0,,
3,5,6,203,218-1,15,156.75,207,8,10,2,1,1,0,,
3,5,6,205,174-2,0,61.75,109.5,0,5,5,0,1,1,,
3,5,6,205,174-2,0,109.5,156.75,5,7,2,1,1,0,,
3,5,6,205,174-2,0,303.75,352,7,7,0,1,1,0,,
3,5,6,205,174-2,0,397.5,446,7,7,0,1,1,0,,
3,5,6,205,174-2,0,446,493.5,7,7,0,1,1,0,,
3,1,6,205,174-2,0,493.5,522,7,7,0,1,1,0,,
5,5,6,205,174-2,0,522,Inf,7,7,0,1,3,2,,
3,5,6,206,137-1,10,61.75,109.5,0,8,8,0,0,0,,
5,5,6,206,137-1,10,522,Inf,8,8,0,0,2,2,,
3,5,6,207,75-1,10,61.75,109.5,0,2,2,0,0,0,,
3,5,6,207,75-1,10,109.5,156.75,2,4,2,0,0,0,,
3,5,6,207,75-1,10,156.75,207,4,7,3,0,0,0,,
3,5,6,207,75-1,10,207,254,7,9,2,0,0,0,,
3,5,6,207,75-1,10,397.5,446,0,8,8,0,0,0,,
3,5,6,207,75-1,10,446,493.5,8,10,2,0,0,0,,
3,5,6,208,139-1,15,156.75,207,0,3,3,0,0,0,,
5,5,6,208,139-1,15,522,Inf,3,3,0,0,7,7,,
3,5,6,209,173-2,15,109.5,156.75,0,4,4,0,0,0,,
3,5,6,209,173-2,15,352,397.5,4,4,0,0,1,1,,
3,5,6,209,173-2,15,397.5,446,4,4,0,1,1,0,,
3,5,6,209,173-2,15,446,493.5,4,4,0,1,1,0,,
3,1,6,209,173-2,15,493.5,522,4,4,0,1,1,0,,
5,5,6,209,173-2,15,522,Inf,4,4,0,1,6,5,,
3,5,6,210,146-1,20,61.75,109.5,0,0,0,0,1,1,,
3,5,6,210,146-1,20,109.5,156.75,0,0,0,1,1,0,,
3,5,6,210,146-1,20,156.75,207,0,0,0,1,1,0,,
3,5,6,210,146-1,20,207,254,0,2,2,1,1,0,,
3,5,6,210,146-1,20,254,303.75,2,2,0,1,1,0,,
3,5,6,210,146-1,20,303.75,352,2,3,1,1,2,1,,
3,5,6,210,146-1,20,352,397.5,3,3,0,2,2,0,,
3,5,6,210,146-1,20,397.5,446,3,3,0,2,2,0,,
3,5,6,210,146-1,20,446,493.5,3,3,0,2,2,0,,
3,1,6,210,146-1,20,493.5,522,3,3,0,2,4,2,Y,disease
5,5,6,210,146-1,20,522,Inf,3,4,1,4,6,2,,
3,5,6,211,100-1,20,207,254,0,2,2,0,1,1,,
3,5,6,211,100-1,20,254,303.75,2,4,2,1,1,0,,
3,5,6,211,100-1,20,303.75,352,4,5,1,1,3,2,Y,disease
3,5,6,211,100-1,20,352,397.5,5,5,0,3,5,2,Y,disease
3,5,6,211,100-1,20,397.5,446,5,5,0,5,5,0,Y,disease
3,5,6,211,100-1,20,446,493.5,5,5,0,5,5,0,Y,disease
3,5,6,212,130-2,10,207,254,0,0,0,0,0,0,,
3,5,6,212,130-2,10,254,303.75,0,0,0,0,1,1,,
3,5,6,212,130-2,10,303.75,352,0,0,0,1,6,5,Y,disease
3,5,6,212,130-2,10,352,397.5,0,0,0,6,8,2,Y,disease
3,5,6,212,130-2,10,397.5,446,0,0,0,8,8,0,Y,disease
3,5,6,213,148-2,20,156.75,207,0,2,2,0,0,0,,
3,5,6,213,148-2,20,207,254,2,2,0,0,3,3,Y,disease
3,5,6,213,148-2,20,254,303.75,2,2,0,3,5,2,Y,disease
3,5,6,213,148-2,20,303.75,352,2,2,0,5,5,0,Y,disease
3,5,6,213,148-2,20,352,397.5,2,2,0,5,8,3,Y,disease
3,5,6,213,148-2,20,397.5,446,2,2,0,8,8,0,Y,disease
3,5,6,213,148-2,20,446,493.5,2,2,0,8,8,0,Y,disease
3,5,6,214,167-1,20,109.5,156.75,0,1,1,0,0,0,,
3,5,6,214,167-1,20,254,303.75,1,1,0,0,6,6,Y,disease
3,5,6,214,167-1,20,303.75,352,1,1,0,6,8,2,Y,disease
3,5,6,214,167-1,20,352,397.5,1,1,0,8,9,1,Y,disease
3,5,6,214,167-1,20,397.5,446,1,1,0,9,9,0,Y,disease
3,5,6,214,167-1,20,446,493.5,1,1,0,9,9,0,Y,disease
3,5,6,215,213-2,10,61.75,109.5,0,9,9,0,0,0,,
3,5,6,215,213-2,10,156.75,207,9,10,1,0,0,0,,
3,5,6,216,118-1,0,61.75,109.5,0,2,2,0,0,0,,
3,5,6,216,118-1,0,109.5,156.75,2,5,3,0,0,0,,
3,5,6,216,118-1,0,207,254,5,7,2,0,0,0,,
3,5,6,216,118-1,0,254,303.75,7,10,3,0,0,0,,
3,5,7,217,124-1,20,254,303.75,0,1,1,0,0,0,,
3,5,7,217,124-1,20,303.75,352,1,2,1,0,0,0,,
3,5,7,217,124-1,20,446,493.5,2,4,2,0,0,0,,
5,5,7,217,124-1,20,522,Inf,4,10,6,0,0,0,,
3,5,7,218,177-1,10,61.75,109.5,0,3,3,0,0,0,,
3,5,7,218,177-1,10,109.5,156.75,3,4,1,0,0,0,,
3,5,7,218,177-1,10,156.75,207,4,5,1,0,0,0,,
3,5,7,218,177-1,10,254,303.75,5,5,0,0,4,4,Y,disease
3,5,7,218,177-1,10,303.75,352,5,5,0,4,4,0,Y,disease
3,5,7,218,177-1,10,352,397.5,5,5,0,4,5,1,Y,disease
3,5,7,218,177-1,10,397.5,446,5,5,0,5,5,0,Y,disease
3,5,7,218,177-1,10,446,493.5,5,5,0,5,5,0,Y,disease
3,5,7,219,208-2,0,61.75,109.5,0,1,1,0,0,0,,
3,5,7,219,208-2,0,109.5,156.75,1,5,4,0,0,0,,
3,5,7,219,208-2,0,156.75,207,5,9,4,0,0,0,,
3,5,7,219,208-2,0,254,303.75,9,10,1,0,0,0,,
3,5,7,220,81-2,0,61.75,109.5,0,2,2,0,0,0,,
3,5,7,220,81-2,0,109.5,156.75,2,4,2,0,0,0,,
3,5,7,220,81-2,0,156.75,207,4,7,3,0,0,0,,
3,5,7,220,81-2,0,207,254,7,9,2,0,0,0,,
5,5,7,220,81-2,0,522,Inf,9,9,0,0,1,1,,
3,5,7,221,135-1,15,0,61.75,0,1,1,0,0,0,,
3,5,7,221,135-1,15,109.5,156.75,1,7,6,0,0,0,,
3,5,7,221,135-1,15,207,254,7,7,0,0,2,2,,
3,5,7,221,135-1,15,254,303.75,7,7,0,2,2,0,,
3,5,7,221,135-1,15,303.75,352,7,7,0,2,2,0,,
3,5,7,221,135-1,15,352,397.5,7,7,0,2,3,1,,
3,5,7,221,135-1,15,397.5,446,7,7,0,3,3,0,,
3,5,7,221,135-1,15,446,493.5,7,7,0,3,3,0,,
3,5,7,222,125-2,15,207,254,0,0,0,0,1,1,,
3,5,7,222,125-2,15,254,303.75,0,0,0,1,1,0,,
3,5,7,222,125-2,15,303.75,352,0,2,2,1,3,2,Y,disease
3,5,7,222,125-2,15,352,397.5,2,2,0,3,8,5,Y,disease
3,5,7,222,125-2,15,397.5,446,2,2,0,8,8,0,Y,disease
3,5,7,222,125-2,15,446,493.5,2,2,0,8,8,0,Y,disease
3,5,7,223,153-2,15,61.75,109.5,0,4,4,0,0,0,,
3,5,7,223,153-2,15,109.5,156.75,4,6,2,0,0,0,,
3,5,7,223,153-2,15,207,254,6,7,1,0,3,3,,
3,5,7,223,153-2,15,254,303.75,7,7,0,3,3,0,,
3,5,7,223,153-2,15,303.75,352,7,7,0,3,3,0,,
3,5,7,223,153-2,15,352,397.5,7,7,0,3,3,0,,
3,5,7,223,153-2,15,397.5,446,7,7,0,3,3,0,,
3,5,7,223,153-2,15,446,493.5,7,7,0,3,3,0,,
3,5,7,225,126-2,10,61.75,109.5,0,1,1,0,0,0,,
3,5,7,225,126-2,10,109.5,156.75,1,3,2,0,0,0,,
3,1,7,225,126-2,10,493.5,522,3,5,2,0,0,0,,
5,5,7,225,126-2,10,522,Inf,5,7,2,0,3,3,,
3,5,7,226,218-2,0,61.75,109.5,0,4,4,0,0,0,,
3,5,7,226,218-2,0,109.5,156.75,4,9,5,0,0,0,,
3,5,7,226,218-2,0,156.75,207,9,10,1,0,0,0,,
3,5,7,227,148-1,15,61.75,109.5,0,0,0,0,1,1,,
3,5,7,227,148-1,15,109.5,156.75,0,0,0,1,1,0,,
3,5,7,227,148-1,15,156.75,207,0,2,2,1,1,0,,
3,5,7,227,148-1,15,207,254,2,3,1,1,1,0,,
3,5,7,227,148-1,15,254,303.75,3,3,0,1,1,0,,
3,5,7,227,148-1,15,303.75,352,3,3,0,1,1,0,,
3,5,7,227,148-1,15,352,397.5,3,3,0,1,1,0,,
3,5,7,227,148-1,15,397.5,446,3,3,0,1,1,0,,
3,5,7,227,148-1,15,446,493.5,3,3,0,1,1,0,,
3,1,7,227,148-1,15,493.5,522,3,3,0,1,1,0,,
5,5,7,227,148-1,15,522,Inf,3,3,0,1,7,6,,
3,5,7,229,124-1,0,61.75,109.5,0,2,2,0,0,0,,
3,5,7,229,124-1,0,109.5,156.75,2,6,4,0,0,0,,
3,5,7,229,124-1,0,207,254,0,5,5,0,0,0,,
3,5,7,229,124-1,0,254,303.75,5,8,3,0,0,0,,
5,5,7,229,124-1,0,522,Inf,8,8,0,0,2,2,,
3,5,7,230,80-1,0,109.5,156.75,0,9,9,0,0,0,,
3,5,7,230,80-1,0,156.75,207,9,10,1,0,0,0,,
3,5,7,231,81-2,20,61.75,109.5,0,4,4,0,0,0,,
3,5,7,231,81-2,20,109.5,156.75,4,7,3,0,0,0,,
3,1,7,231,81-2,20,493.5,522,7,8,1,0,0,0,,
5,5,7,231,81-2,20,522,Inf,8,9,1,0,1,1,,
3,5,7,232,164-1,0,109.5,156.75,0,4,4,0,0,0,,
3,5,7,232,164-1,0,303.75,352,4,5,1,0,0,0,,
5,5,7,232,164-1,0,522,Inf,5,5,0,0,5,5,,
3,5,7,234,76-1,15,0,61.75,0,3,3,0,0,0,,
3,5,7,234,76-1,15,61.75,109.5,3,7,4,0,0,0,,
3,5,7,234,76-1,15,109.5,156.75,7,9,2,0,1,1,,
3,5,7,234,76-1,15,156.75,207,9,9,0,1,1,0,,
3,5,7,234,76-1,15,207,254,9,9,0,1,1,0,,
3,5,7,234,76-1,15,254,303.75,9,9,0,1,1,0,,
3,5,7,234,76-1,15,303.75,352,9,9,0,1,1,0,,
3,5,7,234,76-1,15,352,397.5,9,9,0,1,1,0,,
3,5,7,234,76-1,15,397.5,446,9,9,0,1,1,0,,
3,5,7,234,76-1,15,446,493.5,9,9,0,1,1,0,,
3,5,7,235,134-2,10,156.75,207,0,6,6,0,0,0,,
3,5,7,235,134-2,10,207,254,6,7,1,0,2,2,,
3,5,7,235,134-2,20,254,303.75,7,7,0,2,2,0,,
3,5,7,235,134-2,20,303.75,352,7,7,0,2,2,0,,
3,5,7,235,134-2,20,352,397.5,7,8,1,2,2,0,,
3,5,7,235,134-2,20,397.5,446,8,8,0,2,2,0,,
3,5,7,235,134-2,20,446,493.5,8,8,0,2,2,0,,
3,5,7,237,130-2,20,156.75,207,0,3,3,0,0,0,,
3,5,7,237,130-2,20,207,254,3,3,0,0,3,3,Y,disease
3,5,7,237,130-2,20,254,303.75,3,3,0,3,3,0,,
3,5,7,237,130-2,20,303.75,352,3,3,0,3,4,1,,
3,5,7,237,130-2,20,352,397.5,3,3,0,4,7,3,Y,disease
3,5,7,237,130-2,20,397.5,446,3,3,0,7,7,0,Y,disease
3,5,7,237,130-2,20,446,493.5,3,3,0,7,7,0,Y,disease
3,5,7,238,183-1,20,156.75,207,0,1,1,0,0,0,,
3,5,7,238,183-1,20,207,254,1,3,2,0,1,1,,
3,5,7,238,183-1,20,254,303.75,3,3,0,1,5,4,Y,disease
3,5,7,238,183-1,20,303.75,352,3,4,1,5,5,0,Y,disease
3,5,7,238,183-1,20,352,397.5,4,4,0,5,6,1,Y,disease
3,5,7,238,183-1,20,397.5,446,4,4,0,6,6,0,Y,disease
3,5,7,238,183-1,20,446,493.5,4,4,0,6,6,0,Y,disease
3,5,7,239,88-1,0,0,61.75,0,1,1,0,0,0,,
3,5,7,239,88-1,0,61.75,109.5,1,2,1,0,0,0,,
3,5,7,239,88-1,0,109.5,156.75,2,7,5,0,0,0,,
3,5,7,239,88-1,0,156.75,207,7,8,1,0,0,0,,
3,5,7,239,88-1,0,207,254,8,9,1,0,0,0,,
3,5,7,239,88-1,0,303.75,352,9,10,1,0,0,0,,
3,5,7,240,100-1,20,109.5,156.75,0,2,2,0,0,0,,
3,5,7,240,100-1,20,156.75,207,2,3,1,0,0,0,,
3,5,7,240,100-1,20,207,254,3,8,5,0,0,0,,
3,5,7,240,100-1,10,254,303.75,0,7,7,0,0,0,,
3,5,7,240,100-1,10,303.75,352,7,10,3,0,0,0,,
3,5,7,241,84-1,20,0,61.75,0,1,1,0,0,0,,
3,5,7,241,84-1,20,109.5,156.75,1,5,4,0,0,0,,
3,5,7,241,84-1,20,156.75,207,5,7,2,0,0,0,,
3,5,7,241,84-1,20,207,254,7,9,2,0,0,0,,
3,5,7,241,84-1,20,254,303.75,9,9,0,0,1,1,,
3,5,7,241,84-1,20,303.75,352,9,9,0,1,1,0,,
3,5,7,241,84-1,20,352,397.5,9,9,0,1,1,0,,
3,5,7,241,84-1,20,397.5,446,9,9,0,1,1,0,,
3,5,7,241,84-1,20,446,493.5,9,9,0,1,1,0,,
3,5,7,242,173-2,10,0,61.75,0,6,6,0,0,0,,
3,5,7,242,173-2,10,61.75,109.5,0,1,1,0,0,0,,
3,5,7,242,173-2,10,109.5,156.75,1,2,1,0,0,0,,
3,5,7,242,173-2,10,207,254,2,2,0,0,1,1,,
3,5,7,242,173-2,10,254,303.75,2,2,0,1,1,0,,
3,5,7,242,173-2,10,303.75,352,2,2,0,1,3,2,Y,disease
3,5,7,242,173-2,10,352,397.5,2,2,0,3,3,0,Y,disease
3,5,7,242,173-2,10,397.5,446,2,2,0,3,3,0,Y,disease
3,5,7,242,173-2,10,446,493.5,2,2,0,3,3,0,Y,disease
3,1,7,242,173-2,10,493.5,522,2,2,0,3,3,0,Y,disease
5,5,7,242,173-2,10,522,Inf,2,2,0,3,8,5,,
3,5,7,243,128-1,20,61.75,109.5,0,1,1,0,0,0,,
3,5,7,243,128-1,20,156.75,207,1,4,3,0,0,0,,
3,5,7,243,128-1,20,207,254,4,5,1,0,0,0,,
3,5,7,243,128-1,20,254,303.75,5,5,0,0,3,3,Y,disease
3,5,7,243,128-1,20,303.75,352,5,6,1,3,3,0,Y,disease
3,5,7,243,128-1,20,352,397.5,6,6,0,3,3,0,Y,disease
3,5,7,243,128-1,20,397.5,446,6,6,0,3,3,0,Y,disease
3,5,7,243,128-1,20,446,493.5,6,6,0,3,3,0,Y,disease
3,1,7,243,128-1,20,493.5,522,6,6,0,3,3,0,Y,disease
5,5,7,243,128-1,20,522,Inf,6,6,0,3,4,1,,
3,5,7,245,76-1,10,61.75,109.5,0,9,9,0,0,0,,
3,5,7,245,76-1,10,254,303.75,9,9,0,0,1,1,,
3,5,7,245,76-1,10,303.75,352,9,9,0,1,1,0,,
3,5,7,245,76-1,10,352,397.5,9,9,0,1,1,0,,
3,5,7,245,76-1,10,397.5,446,9,9,0,1,1,0,,
3,5,7,245,76-1,10,446,493.5,9,9,0,1,1,0,,
3,5,7,246,107-2,20,61.75,109.5,0,1,1,0,0,0,,
3,5,7,246,107-2,20,109.5,156.75,1,1,0,0,1,1,,
3,5,7,246,107-2,20,156.75,207,1,2,1,1,1,0,,
3,5,7,246,107-2,20,207,254,2,4,2,1,1,0,,
3,5,7,246,107-2,20,254,303.75,4,4,0,1,1,0,,
3,5,7,246,107-2,20,303.75,352,4,4,0,1,3,2,Y,disease
3,5,7,246,107-2,20,352,397.5,4,4,0,3,6,3,Y,disease
3,5,7,246,107-2,20,397.5,446,4,4,0,6,6,0,Y,disease
3,5,7,246,107-2,20,446,493.5,4,4,0,6,6,0,Y,disease
3,5,7,247,100-1,10,61.75,109.5,0,2,2,0,0,0,,
3,5,7,247,100-1,10,109.5,156.75,2,3,1,0,0,0,,
3,5,7,247,100-1,10,156.75,207,3,6,3,0,0,0,,
3,5,7,247,100-1,10,207,254,6,7,1,0,0,0,,
3,5,7,247,100-1,10,254,303.75,7,10,3,0,0,0,,
3,5,7,247,100-1,10,303.75,352,10,10,0,0,0,0,,
3,5,7,247,100-1,10,352,397.5,10,10,0,0,0,0,,
3,5,7,248,100-1,0,0,61.75,0,1,1,0,0,0,,
3,5,7,248,100-1,0,156.75,207,1,5,4,0,0,0,,
3,5,7,248,100-1,0,207,254,5,8,3,0,0,0,,
3,5,7,248,100-1,0,254,303.75,8,8,0,0,0,0,Y,disease
3,5,7,248,100-1,0,303.75,352,8,10,2,0,0,0,,
3,5,7,249,129-1,0,109.5,156.75,0,2,2,0,0,0,,
3,5,7,249,129-1,0,254,303.75,2,2,0,0,4,4,Y,disease
3,5,7,249,129-1,0,303.75,352,2,2,0,4,8,4,Y,disease
3,5,7,249,129-1,0,352,397.5,2,2,0,8,8,0,Y,disease
3,5,7,249,129-1,0,397.5,446,2,2,0,8,8,0,Y,disease
3,5,7,249,129-1,0,446,493.5,2,2,0,8,8,0,Y,disease
3,5,7,250,219-2,20,207,254,0,1,1,0,2,2,,
3,5,7,250,219-2,20,254,303.75,1,1,0,2,3,1,Y,disease
3,5,7,250,219-2,20,303.75,352,1,1,0,3,4,1,Y,disease
3,5,7,250,219-2,20,352,397.5,1,1,0,4,9,5,Y,disease
3,5,7,250,219-2,20,397.5,446,1,1,0,9,9,0,Y,disease
3,5,7,250,219-2,20,446,493.5,1,1,0,9,9,0,Y,disease
3,5,7,251,128-1,0,109.5,156.75,0,2,2,0,0,0,,
3,5,7,251,128-1,0,207,254,2,3,1,0,2,2,,
3,5,7,251,128-1,0,254,303.75,3,3,0,2,3,1,Y,disease
3,5,7,251,128-1,0,303.75,352,3,3,0,3,3,0,Y,disease
3,5,7,251,128-1,0,352,397.5,3,3,0,3,7,4,Y,disease
3,5,7,251,128-1,0,397.5,446,3,3,0,7,7,0,Y,disease
3,5,7,251,128-1,0,446,493.5,3,3,0,7,7,0,Y,disease
3,5,7,252,148-2,10,61.75,109.5,0,1,1,0,0,0,,
3,5,7,252,148-2,10,109.5,156.75,1,7,6,0,0,0,,
3,5,7,252,148-2,10,207,254,7,10,3,0,0,0,,
3,5,8,253,Johnny's,15,207,254,0,2,2,0,0,0,,
3,5,8,253,Johnny's,15,254,303.75,2,3,1,0,0,0,,
3,5,8,253,Johnny's,15,303.75,352,3,5,2,0,0,0,,
3,5,8,253,Johnny's,15,397.5,446,5,6,1,0,0,0,,
3,5,8,253,Johnny's,15,446,493.5,6,7,1,0,0,0,,
5,5,8,253,Johnny's,15,522,Inf,7,9,2,0,1,1,,
3,5,8,254,137-1,20,109.5,156.75,0,3,3,0,0,0,,
3,5,8,254,137-1,20,156.75,207,3,4,1,0,0,0,,
3,5,8,254,137-1,20,207,254,4,6,2,0,0,0,,
3,5,8,254,137-1,20,352,397.5,6,6,0,0,1,1,,
3,5,8,254,137-1,20,397.5,446,6,6,0,1,1,0,,
3,5,8,254,137-1,20,446,493.5,6,6,0,1,1,0,,
3,1,8,254,137-1,20,493.5,522,6,6,0,1,1,0,,
5,5,8,254,137-1,20,522,Inf,6,7,1,1,3,2,,
3,5,8,255,84-1,15,61.75,109.5,0,4,4,0,0,0,,
3,5,8,255,84-1,15,109.5,156.75,4,7,3,0,0,0,,
3,5,8,255,84-1,15,156.75,207,7,8,1,0,0,0,,
5,5,8,255,84-1,15,522,Inf,8,9,1,0,1,1,,
3,5,8,256,174-1,20,156.75,207,0,1,1,0,0,0,,
3,5,8,256,174-1,20,254,303.75,1,2,1,0,0,0,,
3,5,8,256,174-1,20,303.75,352,2,5,3,0,1,1,,
3,5,8,256,174-1,20,352,397.5,5,6,1,1,1,0,,
3,5,8,256,174-1,20,397.5,446,6,6,0,1,1,0,,
3,5,8,256,174-1,20,446,493.5,6,6,0,1,1,0,,
3,1,8,256,174-1,20,493.5,522,6,6,0,1,1,0,,
5,5,8,256,174-1,20,522,Inf,6,7,1,1,3,2,,
3,5,8,257,118-2,10,61.75,109.5,0,1,1,0,0,0,,
3,5,8,257,118-2,10,109.5,156.75,1,2,1,0,0,0,,
3,5,8,257,118-2,10,207,254,2,3,1,0,0,0,,
3,5,8,257,118-2,10,254,303.75,3,5,2,0,0,0,,
3,5,8,257,118-2,10,303.75,352,5,6,1,0,0,0,,
3,5,8,257,118-2,10,352,397.5,6,7,1,0,0,0,,
3,1,8,257,118-2,10,493.5,522,7,8,1,0,0,0,,
5,5,8,257,118-2,10,522,Inf,8,9,1,0,1,1,,
3,5,8,258,149-1,10,61.75,109.5,0,5,5,0,0,0,,
3,5,8,258,149-1,10,109.5,156.75,5,8,3,0,0,0,,
3,5,8,258,149-1,10,156.75,207,8,9,1,0,0,0,,
5,5,8,258,149-1,10,522,Inf,9,9,0,0,1,1,,
3,5,8,259,81-2,10,0,61.75,0,1,1,0,0,0,,
3,5,8,259,81-2,10,61.75,109.5,1,5,4,0,0,0,,
3,5,8,259,81-2,10,109.5,156.75,5,8,3,0,0,0,,
3,5,8,259,81-2,10,352,397.5,8,9,1,0,1,1,,
3,5,8,259,81-2,10,397.5,446,9,9,0,1,1,0,,
3,5,8,259,81-2,10,446,493.5,9,9,0,1,1,0,,
3,5,8,260,106-1,10,207,254,0,2,2,0,0,0,,
3,5,8,260,106-1,10,254,303.75,2,5,3,0,0,0,,
3,5,8,260,106-1,10,303.75,352,5,6,1,0,0,0,,
3,5,8,260,106-1,10,352,397.5,6,8,2,0,0,0,,
5,5,8,260,106-1,10,522,Inf,8,8,0,0,2,2,,
3,5,8,261,215-2,15,303.75,352,0,0,0,2,5,3,Y,disease
3,5,8,261,215-2,15,352,397.5,0,0,0,5,6,1,Y,disease
3,5,8,261,215-2,15,397.5,446,0,0,0,6,6,0,Y,disease
3,5,8,261,215-2,15,446,493.5,0,0,0,6,6,0,Y,disease
3,1,8,261,215-2,15,493.5,522,0,0,0,6,7,1,,
5,5,8,261,215-2,15,522,Inf,0,1,1,7,9,2,,
3,5,8,262,88-1,15,109.5,156.75,0,3,3,0,0,0,,
3,5,8,262,88-1,15,156.75,207,3,8,5,0,0,0,,
5,5,8,262,88-1,15,522,Inf,8,10,2,0,0,0,,
3,5,8,263,79-2,20,61.75,109.5,0,2,2,0,0,0,,
3,5,8,263,79-2,20,109.5,156.75,2,8,6,0,0,0,,
3,5,8,263,79-2,20,207,254,8,10,2,0,0,0,,
3,5,8,264,100-1,15,109.5,156.75,0,3,3,0,0,0,,
3,5,8,264,100-1,15,156.75,207,3,5,2,0,0,0,,
3,5,8,264,100-1,15,207,254,5,6,1,0,0,0,,
3,5,8,264,100-1,15,254,303.75,6,7,1,0,0,0,,
3,5,8,264,100-1,15,303.75,352,7,9,2,0,0,0,,
3,5,8,264,100-1,15,352,397.5,9,10,1,0,0,0,,
3,5,8,265,88-1,10,109.5,156.75,0,4,4,0,0,0,,
3,5,8,265,88-1,10,156.75,207,4,6,2,0,0,0,,
3,5,8,265,88-1,10,207,254,6,8,2,0,0,0,,
3,5,8,265,88-1,10,446,493.5,8,9,1,0,0,0,,
5,5,8,265,88-1,10,522,Inf,9,9,0,0,1,1,,
3,5,8,266,76-1,20,61.75,109.5,0,6,6,0,0,0,,
3,5,8,266,76-1,20,109.5,156.75,6,7,1,0,0,0,,
3,1,8,266,76-1,20,493.5,522,7,8,1,0,0,0,,
5,5,8,266,76-1,20,522,Inf,8,8,0,0,2,2,,
3,5,8,267,182-1,10,61.75,109.5,0,0,0,0,1,1,,
3,5,8,267,182-1,10,109.5,156.75,0,5,5,1,1,0,,
3,5,8,267,182-1,10,156.75,207,5,5,0,1,1,0,,
3,5,8,267,182-1,10,207,254,5,6,1,1,1,0,,
3,5,8,267,182-1,10,254,303.75,6,7,1,1,1,0,,
3,5,8,267,182-1,10,303.75,352,7,7,0,1,1,0,,
3,5,8,267,182-1,10,352,397.5,7,8,1,1,1,0,,
3,5,8,267,182-1,10,397.5,446,8,8,0,1,1,0,,
3,5,8,267,182-1,10,446,493.5,8,8,0,1,1,0,,
3,1,8,267,182-1,10,493.5,522,8,8,0,1,1,0,,
5,5,8,267,182-1,10,522,Inf,8,8,0,1,2,1,,
3,5,8,268,153-2,0,0,61.75,0,2,2,0,0,0,,
3,5,8,268,153-2,0,61.75,109.5,2,5,3,0,0,0,,
3,5,8,268,153-2,0,109.5,156.75,5,6,1,0,0,0,,
3,5,8,268,153-2,0,207,254,6,6,0,0,1,1,,
3,5,8,268,153-2,0,254,303.75,6,6,0,1,1,0,,
3,5,8,268,153-2,0,303.75,352,6,6,0,1,2,1,,
3,5,8,268,153-2,0,352,397.5,6,6,0,2,3,1,Y,disease
3,5,8,268,153-2,0,397.5,446,6,6,0,3,3,0,Y,disease
3,5,8,268,153-2,0,446,493.5,6,6,0,3,4,1,Y,disease
3,5,8,269,149-1,20,109.5,156.75,0,1,1,0,1,1,,
3,5,8,269,149-1,20,156.75,207,1,5,4,1,1,0,,
3,5,8,269,149-1,20,207,254,5,6,1,1,4,3,Y,disease
3,5,8,269,149-1,20,254,303.75,6,6,0,4,4,0,Y,disease
3,5,8,269,149-1,20,303.75,352,6,6,0,4,4,0,Y,disease
3,5,8,269,149-1,20,352,397.5,6,6,0,4,4,0,Y,disease
3,5,8,269,149-1,20,397.5,446,6,6,0,4,4,0,Y,disease
3,5,8,269,149-1,20,446,493.5,6,6,0,4,4,0,Y,disease
3,5,8,270,Johnny's,10,207,254,0,3,3,0,0,0,,
3,5,8,270,Johnny's,10,254,303.75,3,6,3,0,0,0,,
3,5,8,270,Johnny's,10,303.75,352,6,8,2,0,0,0,,
5,5,8,270,Johnny's,10,522,Inf,8,8,0,0,2,2,,
3,5,8,271,125-1,20,207,254,0,0,0,2,4,2,Y,disease
3,5,8,271,125-1,20,254,303.75,0,0,0,4,6,2,Y,disease
3,5,8,271,125-1,20,303.75,352,0,0,0,6,8,2,Y,disease
3,5,8,271,125-1,20,352,397.5,0,0,0,8,8,0,Y,disease
3,5,8,272,118-1,10,61.75,109.5,0,1,1,0,0,0,,
3,5,8,272,118-1,10,109.5,156.75,1,4,3,0,0,0,,
3,5,8,272,118-1,10,207,254,4,6,2,0,0,0,,
3,5,8,272,118-1,10,303.75,352,6,8,2,0,0,0,,
3,5,8,272,118-1,10,397.5,446,8,8,0,0,0,0,,
5,5,8,272,118-1,10,522,Inf,8,10,2,0,0,0,,
3,5,8,274,177-1,15,61.75,109.5,0,3,3,0,0,0,,
3,5,8,274,177-1,15,207,254,3,3,0,0,1,1,,
3,5,8,274,177-1,15,254,303.75,3,3,0,1,1,0,,
3,5,8,274,177-1,15,303.75,352,3,3,0,1,4,3,Y,disease
3,5,8,274,177-1,15,352,397.5,3,3,0,4,4,0,Y,disease
3,5,8,274,177-1,15,397.5,446,3,3,0,4,6,2,Y,disease
3,5,8,274,177-1,15,446,493.5,3,3,0,6,6,0,Y,disease
3,1,8,274,177-1,15,493.5,522,3,3,0,6,7,1,Y,disease
5,5,8,274,177-1,15,522,Inf,3,3,0,7,7,0,,
3,5,8,275,188-1,20,254,303.75,0,3,3,0,1,1,,
3,5,8,275,188-1,20,303.75,352,3,4,1,1,6,5,Y,disease
3,5,8,275,188-1,20,352,397.5,4,4,0,6,6,0,Y,disease
3,5,8,275,188-1,20,397.5,446,4,4,0,6,6,0,Y,disease
3,5,8,275,188-1,20,446,493.5,4,4,0,6,6,0,Y,disease
3,5,8,276,173-1,0,109.5,156.75,0,1,1,0,0,0,,
3,5,8,276,173-1,0,156.75,207,1,3,2,0,0,0,,
5,5,8,276,173-1,0,522,Inf,3,4,1,0,6,6,,
3,5,8,277,153-2,20,109.5,156.75,0,5,5,0,4,4,Y,disease
3,5,8,277,153-2,20,156.75,207,5,5,0,4,4,0,Y,disease
3,5,8,277,153-2,20,207,254,5,5,0,4,5,1,Y,disease
3,5,8,277,153-2,20,254,303.75,5,5,0,5,5,0,Y,disease
3,5,8,277,153-2,20,303.75,352,5,5,0,5,5,0,Y,disease
3,5,8,277,153-2,20,352,397.5,5,5,0,5,5,0,Y,disease
3,5,8,277,153-2,20,397.5,446,5,5,0,5,5,0,Y,disease
3,5,8,277,153-2,20,446,493.5,5,5,0,5,5,0,Y,disease
3,5,8,278,77-2,15,61.75,109.5,0,7,7,0,0,0,,
3,5,8,278,77-2,15,109.5,156.75,7,10,3,0,0,0,,
3,5,8,279,128-1,10,61.75,109.5,0,1,1,0,0,0,,
3,5,8,279,128-1,10,109.5,156.75,1,2,1,0,0,0,,
5,5,8,279,128-1,10,522,Inf,2,3,1,0,7,7,,
3,5,8,280,Johnny's,15,254,303.75,0,1,1,0,0,0,,
3,5,8,280,Johnny's,15,303.75,352,1,2,1,0,0,0,,
3,5,8,280,Johnny's,15,352,397.5,2,5,3,0,0,0,,
3,5,8,280,Johnny's,15,397.5,446,5,8,3,0,0,0,,
3,5,8,280,Johnny's,15,446,493.5,0,5,5,0,0,0,,
3,1,8,280,Johnny's,15,493.5,522,5,6,1,0,0,0,,
5,5,8,280,Johnny's,15,522,Inf,6,7,1,0,3,3,,
3,5,8,282,125-1,15,156.75,207,0,1,1,0,0,0,,
3,5,8,282,125-1,15,254,303.75,1,2,1,0,0,0,,
3,5,8,282,125-1,15,352,397.5,2,2,0,0,1,1,,
3,5,8,282,125-1,15,397.5,446,2,2,0,1,1,0,,
3,5,8,282,125-1,15,446,493.5,2,4,2,1,1,0,,
5,5,8,282,125-1,15,522,Inf,4,9,5,1,1,0,,
3,5,8,283,146-1,0,207,254,0,1,1,0,0,0,,
3,5,8,283,146-1,0,254,303.75,1,2,1,0,0,0,,
3,1,8,283,146-1,0,493.5,522,2,3,1,0,0,0,,
5,5,8,283,146-1,0,522,Inf,3,6,3,0,4,4,,
3,5,8,284,100-1,15,61.75,109.5,0,1,1,0,0,0,,
3,5,8,284,100-1,15,109.5,156.75,1,2,1,0,0,0,,
3,5,8,284,100-1,15,156.75,207,2,4,2,0,0,0,,
3,5,8,284,100-1,15,207,254,4,5,1,0,0,0,,
3,5,8,284,100-1,15,254,303.75,5,6,1,0,0,0,,
3,5,8,284,100-1,15,303.75,352,6,6,0,0,1,1,,
3,5,8,284,100-1,15,352,397.5,6,7,1,1,1,0,,
3,5,8,284,100-1,15,397.5,446,7,7,0,1,1,0,,
3,5,8,284,100-1,15,446,493.5,7,7,0,1,1,0,,
5,5,8,284,100-1,15,522,Inf,7,7,0,1,3,2,,
3,5,8,285,213-2,0,0,61.75,0,1,1,0,0,0,,
3,5,8,285,213-2,0,61.75,109.5,1,7,6,0,0,0,,
3,5,8,285,213-2,0,109.5,156.75,7,8,1,0,0,0,,
3,5,8,285,213-2,0,156.75,207,8,9,1,0,0,0,,
3,5,8,285,213-2,0,207,254,9,9,0,0,1,1,,
3,5,8,285,213-2,0,254,303.75,9,9,0,1,1,0,,
3,5,8,285,213-2,0,303.75,352,9,9,0,1,1,0,,
3,5,8,285,213-2,0,352,397.5,9,9,0,1,1,0,,
3,5,8,285,213-2,0,397.5,446,9,9,0,1,1,0,,
3,5,8,285,213-2,0,446,493.5,9,9,0,1,1,0,,
3,5,8,286,118-2,0,61.75,109.5,0,1,1,0,0,0,,
3,5,8,286,118-2,0,109.5,156.75,1,4,3,0,0,0,,
3,5,8,286,118-2,0,156.75,207,4,6,2,0,0,0,,
3,5,8,286,118-2,0,207,254,6,7,1,0,0,0,,
3,5,8,286,118-2,0,352,397.5,7,10,3,0,0,0,,
3,5,8,287,104-1,15,156.75,207,0,1,1,0,0,0,,
3,5,8,287,104-1,15,207,254,1,2,1,0,0,0,,
3,5,8,287,104-1,15,254,303.75,2,3,1,0,0,0,,
3,5,8,287,104-1,15,303.75,352,3,4,1,0,0,0,,
3,5,8,287,104-1,15,352,397.5,4,6,2,0,1,1,,
3,5,8,287,104-1,15,397.5,446,6,6,0,1,1,0,,
3,5,8,287,104-1,15,446,493.5,6,7,1,1,1,0,,
3,1,8,287,104-1,15,493.5,522,7,7,0,1,1,0,,
5,5,8,287,104-1,15,522,Inf,7,7,0,1,3,2,,
3,5,8,288,168-2,10,61.75,109.5,0,1,1,0,0,0,,
3,5,8,288,168-2,10,109.5,156.75,1,3,2,0,0,0,,
3,5,8,288,168-2,10,156.75,207,3,5,2,0,0,0,,
3,5,8,288,168-2,10,207,254,5,6,1,0,0,0,,
3,5,8,288,168-2,10,254,303.75,6,7,1,0,0,0,,
3,5,8,288,168-2,10,303.75,352,7,8,1,0,0,0,,
3,5,8,288,168-2,10,352,397.5,8,9,1,0,1,1,,
3,5,8,288,168-2,10,397.5,446,9,9,0,1,1,0,,
3,5,8,288,168-2,10,446,493.5,9,9,0,1,1,0,,
3,5,9,289,135-2,15,61.75,109.5,0,0,0,0,1,1,,
3,5,9,289,135-2,15,109.5,156.75,0,0,0,1,1,0,,
3,5,9,289,135-2,15,156.75,207,0,1,1,1,1,0,,
3,5,9,289,135-2,15,207,254,1,1,0,1,1,0,,
3,5,9,289,135-2,15,254,303.75,1,1,0,1,1,0,,
3,5,9,289,135-2,15,303.75,352,1,1,0,1,2,1,,
3,5,9,289,135-2,15,352,397.5,1,1,0,2,2,0,,
3,5,9,289,135-2,15,397.5,446,1,1,0,2,2,0,,
3,1,9,289,135-2,15,493.5,522,1,1,0,2,2,0,,
5,5,9,289,135-2,15,522,Inf,1,1,0,2,9,7,,
5,5,9,290,204-2,20,522,Inf,0,9,9,0,1,1,,
3,5,9,291,215-2,20,109.5,156.75,0,0,0,1,3,2,Y,disease
3,5,9,291,215-2,20,156.75,207,0,0,0,3,3,0,Y,disease
3,5,9,291,215-2,20,207,254,0,2,2,3,3,0,Y,disease
3,5,9,291,215-2,20,254,303.75,2,2,0,3,3,0,Y,disease
3,5,9,291,215-2,20,303.75,352,2,3,1,3,6,3,Y,disease
3,5,9,291,215-2,20,352,397.5,3,3,0,6,6,0,Y,disease
3,5,9,291,215-2,20,397.5,446,3,3,0,6,6,0,Y,disease
3,1,9,291,215-2,20,493.5,522,3,3,0,6,6,0,Y,disease
5,5,9,291,215-2,20,522,Inf,3,3,0,6,7,1,,
3,5,9,292,81-2,15,61.75,109.5,0,2,2,0,0,0,,
3,5,9,292,81-2,15,109.5,156.75,2,6,4,0,0,0,,
3,5,9,292,81-2,15,303.75,352,6,6,0,0,2,2,,
3,5,9,292,81-2,15,352,397.5,6,6,0,2,4,2,Y,disease
3,5,9,292,81-2,15,397.5,446,6,6,0,4,4,0,Y,disease
3,5,9,293,153-2,10,61.75,109.5,0,4,4,0,0,0,,
3,5,9,293,153-2,10,109.5,156.75,4,5,1,0,0,0,,
3,5,9,293,153-2,10,207,254,5,5,0,0,1,1,,
3,5,9,293,153-2,10,254,303.75,5,5,0,1,1,0,,
3,5,9,293,153-2,10,303.75,352,5,5,0,1,5,4,Y,disease
3,5,9,293,153-2,10,352,397.5,5,5,0,5,5,0,Y,disease
3,5,9,293,153-2,10,397.5,446,5,5,0,5,5,0,Y,disease
3,5,9,294,218-2,20,156.75,207,0,2,2,0,0,0,,
3,5,9,294,218-2,20,207,254,2,2,0,0,1,1,,
3,5,9,294,218-2,20,254,303.75,2,2,0,1,1,0,,
3,5,9,294,218-2,20,303.75,352,2,2,0,1,1,0,,
3,5,9,294,218-2,20,352,397.5,2,5,3,1,1,0,,
3,5,9,294,218-2,20,397.5,446,5,5,0,1,1,0,,
3,5,9,295,153-1,0,109.5,156.75,0,3,3,0,0,0,,
3,5,9,295,153-1,0,156.75,207,3,4,1,0,0,0,,
5,5,9,295,153-1,0,522,Inf,4,5,1,0,5,5,,
3,5,9,296,218-1,10,61.75,109.5,0,7,7,0,0,0,,
3,5,9,296,218-1,10,109.5,156.75,7,9,2,0,0,0,,
3,5,9,296,218-1,10,156.75,207,9,10,1,0,0,0,,
3,5,9,297,215-2,0,61.75,109.5,0,1,1,0,0,0,,
3,5,9,297,215-2,0,109.5,156.75,1,1,0,0,2,2,,
3,5,9,297,215-2,0,156.75,207,1,1,0,2,2,0,,
3,5,9,297,215-2,0,207,254,1,1,0,2,7,5,Y,disease
3,5,9,297,215-2,0,254,303.75,1,1,0,7,7,0,Y,disease
3,5,9,297,215-2,0,303.75,352,1,1,0,7,9,2,Y,disease
3,5,9,297,215-2,0,352,397.5,1,1,0,9,9,0,Y,disease
3,5,9,297,215-2,0,397.5,446,1,1,0,9,9,0,Y,disease
3,5,9,298,174-2,15,61.75,109.5,0,2,2,0,0,0,,
3,5,9,298,174-2,15,109.5,156.75,2,6,4,0,0,0,,
3,5,9,298,174-2,15,207,254,6,8,2,0,0,0,,
5,5,9,298,174-2,15,522,Inf,8,8,0,0,2,2,,
3,5,9,299,164-1,15,61.75,109.5,0,1,1,0,0,0,,
3,5,9,299,164-1,15,109.5,156.75,1,5,4,0,0,0,,
3,5,9,299,164-1,15,207,254,5,7,2,0,0,0,,
3,5,9,299,164-1,15,397.5,446,7,8,1,0,0,0,,
5,5,9,299,164-1,15,522,Inf,8,9,1,0,1,1,,
3,5,9,300,146-1,10,109.5,156.75,0,1,1,0,0,0,,
3,5,9,300,146-1,10,207,254,1,2,1,0,0,0,,
3,5,9,300,146-1,10,303.75,352,2,3,1,0,1,1,,
3,5,9,300,146-1,10,352,397.5,3,3,0,1,1,0,,
3,5,9,300,146-1,10,397.5,446,3,3,0,1,1,0,,
5,5,9,300,146-1,10,522,Inf,3,7,4,1,3,2,,
3,5,9,301,100-1,0,109.5,156.75,0,2,2,0,0,0,,
3,5,9,301,100-1,0,156.75,207,2,5,3,0,0,0,,
3,5,9,301,100-1,0,207,254,5,8,3,0,0,0,,
3,5,9,301,100-1,0,303.75,352,8,9,1,0,0,0,,
5,5,9,301,100-1,0,522,Inf,9,10,1,0,0,0,,
3,5,9,302,177-2,20,109.5,156.75,0,3,3,0,0,0,,
3,5,9,302,177-2,20,156.75,207,3,6,3,0,0,0,,
3,5,9,302,177-2,20,207,254,6,6,0,0,1,1,,
3,5,9,302,177-2,20,254,303.75,6,6,0,1,1,0,,
3,5,9,302,177-2,20,303.75,352,6,7,1,1,1,0,,
3,5,9,302,177-2,20,352,397.5,7,7,0,1,3,2,,
3,5,9,302,177-2,20,397.5,446,7,7,0,3,3,0,,
3,5,9,303,156-2,20,109.5,156.75,0,1,1,0,0,0,,
3,5,9,303,156-2,20,156.75,207,1,2,1,0,0,0,,
3,5,9,303,156-2,20,207,254,2,3,1,0,1,1,,
3,5,9,303,156-2,20,254,303.75,3,3,0,1,2,1,,
3,5,9,303,156-2,20,303.75,352,3,3,0,2,7,5,Y,disease
3,5,9,303,156-2,20,352,397.5,3,3,0,7,7,0,Y,disease
3,5,9,303,156-2,20,397.5,446,3,3,0,7,7,0,Y,disease
3,5,9,304,164-2,0,207,254,0,0,0,0,7,7,Y,disease
3,5,9,304,164-2,0,254,303.75,0,0,0,7,7,0,Y,disease
3,5,9,304,164-2,0,303.75,352,0,0,0,7,7,0,Y,disease
3,5,9,304,164-2,0,352,397.5,0,0,0,7,7,0,Y,disease
3,5,9,304,164-2,0,522,Inf,0,0,0,7,10,3,Y,disease
3,5,9,305,133-1,20,109.5,156.75,0,1,1,0,0,0,,
3,5,9,305,133-1,20,156.75,207,1,6,5,0,0,0,,
3,5,9,305,133-1,20,207,254,6,7,1,0,3,3,,
3,5,9,305,133-1,20,254,303.75,7,7,0,3,3,0,,
3,5,9,305,133-1,20,303.75,352,7,7,0,3,3,0,,
3,5,9,305,133-1,20,352,397.5,7,7,0,3,3,0,,
3,5,9,305,133-1,20,397.5,446,7,7,0,3,3,0,,
3,5,9,306,Johnny's,0,109.5,156.75,0,1,1,0,4,4,Y,disease
3,5,9,306,Johnny's,0,156.75,207,1,1,0,4,4,0,Y,disease
3,5,9,306,Johnny's,0,207,254,1,1,0,4,9,5,Y,disease
3,5,9,306,Johnny's,0,254,303.75,1,1,0,9,9,0,Y,disease
3,5,9,306,Johnny's,0,303.75,352,1,1,0,9,9,0,Y,disease
3,5,9,306,Johnny's,0,352,397.5,1,1,0,9,9,0,Y,disease
3,5,9,306,Johnny's,0,397.5,446,1,1,0,9,9,0,Y,disease
3,5,9,307,153-1,10,207,254,0,1,1,0,1,1,,
3,5,9,307,153-1,10,254,303.75,1,1,0,1,1,0,,
3,5,9,307,153-1,10,303.75,352,1,1,0,1,9,8,Y,disease
3,5,9,307,153-1,10,352,397.5,1,1,0,9,9,0,Y,disease
3,5,9,307,153-1,10,397.5,446,1,1,0,9,9,0,Y,disease
3,5,9,308,169-2,15,61.75,109.5,0,3,3,0,0,0,,
3,5,9,308,169-2,15,109.5,156.75,3,5,2,0,1,1,,
3,5,9,308,169-2,15,156.75,207,5,5,0,1,1,0,,
3,5,9,308,169-2,15,207,254,5,5,0,1,1,0,,
3,5,9,308,169-2,15,254,303.75,5,5,0,1,1,0,,
3,5,9,308,169-2,15,303.75,352,5,5,0,1,5,4,Y,disease
3,5,9,308,169-2,15,352,397.5,5,5,0,5,5,0,Y,disease
3,5,9,308,169-2,15,397.5,446,5,5,0,5,5,0,Y,disease
3,5,9,309,150-1,20,109.5,156.75,0,3,3,0,0,0,,
3,5,9,309,150-1,20,156.75,207,3,5,2,0,0,0,,
3,5,9,309,150-1,20,303.75,352,5,5,0,0,5,5,Y,disease
3,5,9,309,150-1,20,352,397.5,5,5,0,5,5,0,Y,disease
3,5,9,309,150-1,20,397.5,446,5,5,0,5,5,0,Y,disease
3,5,9,310,80-1,20,109.5,156.75,0,4,4,0,0,0,,
3,5,9,310,80-1,20,156.75,207,4,8,4,0,0,0,,
3,5,9,310,80-1,20,352,397.5,8,8,0,0,2,2,,
3,5,9,310,80-1,20,397.5,446,8,8,0,2,2,0,,
3,5,9,311,126-2,0,109.5,156.75,0,1,1,0,0,0,,
3,5,9,311,126-2,0,156.75,207,1,2,1,0,0,0,,
3,5,9,311,126-2,0,207,254,2,6,4,0,3,3,Y,disease
3,5,9,311,126-2,0,254,303.75,6,6,0,3,3,0,Y,disease
3,5,9,311,126-2,0,303.75,352,6,6,0,3,4,1,Y,disease
3,5,9,311,126-2,0,352,397.5,6,6,0,4,4,0,Y,disease
3,5,9,311,126-2,0,397.5,446,6,6,0,4,4,0,Y,disease
3,5,9,312,218-2,10,109.5,156.75,0,9,9,0,0,0,,
3,5,9,312,218-2,10,207,254,9,10,1,0,0,0,,
3,5,9,313,173-2,20,109.5,156.75,0,0,0,0,3,3,Y,disease
3,5,9,313,173-2,20,156.75,207,0,4,4,3,3,0,Y,disease
3,5,9,313,173-2,20,207,254,4,4,0,3,5,2,Y,disease
3,5,9,313,173-2,20,254,303.75,4,4,0,5,5,0,Y,disease
3,5,9,313,173-2,20,303.75,352,4,4,0,5,6,1,Y,disease
3,5,9,313,173-2,20,352,397.5,4,4,0,6,6,0,Y,disease
3,5,9,313,173-2,20,397.5,446,4,4,0,6,6,0,Y,disease
3,5,9,314,139-2,0,61.75,109.5,0,1,1,0,0,0,,
3,5,9,314,139-2,0,109.5,156.75,1,4,3,0,3,3,Y,disease
3,5,9,314,139-2,0,156.75,207,4,4,0,3,3,0,Y,disease
3,5,9,314,139-2,0,207,254,4,4,0,3,5,2,Y,disease
3,5,9,314,139-2,0,254,303.75,4,4,0,5,5,0,Y,disease
3,5,9,314,139-2,0,303.75,352,4,4,0,5,6,1,Y,disease
3,5,9,314,139-2,0,352,397.5,4,4,0,6,6,0,Y,disease
3,5,9,314,139-2,0,397.5,446,4,4,0,6,6,0,Y,disease
3,5,9,316,135-1,0,156.75,207,0,5,5,0,0,0,,
3,5,9,316,135-1,0,207,254,5,5,0,0,1,1,,
3,5,9,316,135-1,0,254,303.75,5,5,0,1,1,0,,
3,5,9,316,135-1,0,303.75,352,5,5,0,1,5,4,Y,disease
3,5,9,316,135-1,0,352,397.5,5,5,0,5,5,0,Y,disease
3,5,9,316,135-1,0,397.5,446,5,5,0,5,5,0,Y,disease
3,5,9,317,150-1,10,61.75,109.5,0,7,7,0,0,0,,
3,5,9,317,150-1,10,109.5,156.75,7,8,1,0,0,0,,
3,5,9,317,150-1,10,207,254,8,8,0,0,1,1,,
3,5,9,317,150-1,10,254,303.75,8,8,0,1,1,0,,
3,5,9,317,150-1,10,303.75,352,8,8,0,1,1,0,,
3,5,9,317,150-1,10,352,397.5,8,8,0,1,1,0,,
3,5,9,317,150-1,10,397.5,446,8,8,0,1,1,0,,
3,1,9,317,150-1,10,493.5,522,8,8,0,1,1,0,,
5,5,9,317,150-1,10,522,Inf,8,9,1,1,1,0,,
3,5,9,318,100-1,15,109.5,156.75,0,0,0,0,1,1,,
3,5,9,318,100-1,15,156.75,207,0,2,2,1,1,0,,
3,5,9,318,100-1,15,207,254,2,5,3,1,1,0,,
3,5,9,318,100-1,15,254,303.75,5,5,0,1,1,0,,
3,5,9,318,100-1,15,303.75,352,5,7,2,1,1,0,,
3,5,9,318,100-1,15,352,397.5,7,7,0,1,1,0,,
3,5,9,318,100-1,15,397.5,446,7,7,0,1,1,0,,
3,1,9,318,100-1,15,493.5,522,7,8,1,1,1,0,,
5,5,9,318,100-1,15,522,Inf,8,9,1,1,1,0,,
3,5,9,319,143-1,10,61.75,109.5,0,4,4,0,0,0,,
3,5,9,319,143-1,10,109.5,156.75,4,5,1,0,0,0,,
3,5,9,319,143-1,10,156.75,207,5,8,3,0,0,0,,
3,5,9,319,143-1,10,397.5,446,8,8,0,0,2,2,,
3,5,9,320,182-1,15,109.5,156.75,0,1,1,0,0,0,,
3,5,9,320,182-1,15,156.75,207,1,2,1,0,0,0,,
3,5,9,320,182-1,15,207,254,2,3,1,0,3,3,Y,disease
3,5,9,320,182-1,15,254,303.75,3,3,0,3,3,0,Y,disease
3,5,9,320,182-1,15,303.75,352,3,3,0,3,4,1,Y,disease
3,5,9,320,182-1,15,352,397.5,3,3,0,4,5,1,Y,disease
3,5,9,320,182-1,15,397.5,446,3,3,0,5,5,0,Y,disease
3,1,9,320,182-1,15,493.5,522,3,3,0,5,5,0,Y,disease
5,5,9,320,182-1,15,522,Inf,3,3,0,5,7,2,,
3,5,9,321,179-1,15,109.5,156.75,0,2,2,0,0,0,,
3,5,9,321,179-1,15,207,254,2,8,6,0,0,0,,
5,5,9,321,179-1,15,522,Inf,8,8,0,0,2,2,,
5,5,9,322,77-2,20,522,Inf,0,9,9,0,1,1,,
3,5,9,323,143-1,15,61.75,109.5,0,2,2,0,0,0,,
3,5,9,323,143-1,15,109.5,156.75,2,5,3,0,0,0,,
3,5,9,323,143-1,15,207,254,5,7,2,0,0,0,,
3,5,9,323,143-1,15,303.75,352,7,7,0,0,3,3,,
3,5,9,323,143-1,15,352,397.5,7,7,0,3,3,0,,
3,5,9,323,143-1,15,397.5,446,7,7,0,3,3,0,,
3,5,9,324,208-2,10,109.5,156.75,0,2,2,0,0,0,,
3,5,9,324,208-2,10,156.75,207,2,5,3,0,0,0,,
3,5,9,324,208-2,10,207,254,5,6,1,0,0,0,,
3,5,9,324,208-2,10,303.75,352,6,9,3,0,1,1,,
3,5,9,324,208-2,10,352,397.5,9,9,0,1,1,0,,
3,5,9,324,208-2,10,397.5,446,9,9,0,1,1,0,,